-- phpMyAdmin SQL Dump
-- version 4.7.3
-- https://www.phpmyadmin.net/
--
-- Host: localhost:3306
-- Generation Time: Oct 04, 2017 at 06:28 PM
-- Server version: 5.6.37
-- PHP Version: 5.6.30

SET SQL_MODE = "NO_AUTO_VALUE_ON_ZERO";
SET AUTOCOMMIT = 0;
START TRANSACTION;
SET time_zone = "+00:00";


/*!40101 SET @OLD_CHARACTER_SET_CLIENT=@@CHARACTER_SET_CLIENT */;
/*!40101 SET @OLD_CHARACTER_SET_RESULTS=@@CHARACTER_SET_RESULTS */;
/*!40101 SET @OLD_COLLATION_CONNECTION=@@COLLATION_CONNECTION */;
/*!40101 SET NAMES utf8mb4 */;

--
-- Database: `condoa2u_erachat`
--

-- --------------------------------------------------------

--
-- Table structure for table `ec_group`
--

CREATE TABLE `ec_group` (
  `group_id` int(11) NOT NULL,
  `group_name` varchar(30) DEFAULT NULL,
  `group_admin` int(11) DEFAULT NULL,
  `photo` varchar(50) DEFAULT 'group-icon.png',
  `updated_at` timestamp NULL DEFAULT CURRENT_TIMESTAMP ON UPDATE CURRENT_TIMESTAMP,
  `created_at` timestamp NULL DEFAULT CURRENT_TIMESTAMP
) ENGINE=InnoDB DEFAULT CHARSET=latin1;

--
-- Dumping data for table `ec_group`
--

INSERT INTO `ec_group` (`group_id`, `group_name`, `group_admin`, `photo`, `updated_at`, `created_at`) VALUES
(1, 'lueinfoservices', 1, '1_a9c8c619a2a6f1481d29ca17890f8b08.jpg', '2017-09-11 12:18:12', '2017-09-11 12:18:03'),
(2, 'Test', 2, '2_b83f586f236ce60c3cb68d8b695d8030.jpg', '2017-09-12 05:20:29', '2017-09-12 05:20:29'),
(3, 'testvxy', 2, 'group_icon.png', '2017-09-13 10:38:03', '2017-09-13 10:38:03'),
(4, 'hello', 1, 'group_icon.png', '2017-09-13 10:55:30', '2017-09-13 10:55:30'),
(5, 'xyz', 1, '5_cae88ef3368df7de9f480a048fe36d94.jpg', '2017-09-13 11:28:53', '2017-09-13 11:28:53'),
(6, 'bxhxhx', 1, '6_0d7abff622b1f62d13a4c6ead82893ce.jpg', '2017-09-13 11:38:21', '2017-09-13 11:38:21'),
(7, 'Groupone', 2, '7_e7465f8974be09ff4e6ea5a3ba7c32d4.jpg', '2017-09-16 09:42:02', '2017-09-16 09:41:24'),
(8, 'hellogroup', 2, '8_2cb080e82a83aeb32acd7377778e09b8.jpg', '2017-09-19 12:16:52', '2017-09-19 06:36:04'),
(9, 'groupMi', 8, 'group_icon.png', '2017-09-26 08:47:18', '2017-09-26 08:47:18'),
(10, 'second', 2, '10_1978151c782115c968c63877fcaa0b70.jpg', '2017-09-26 08:55:46', '2017-09-26 08:55:46'),
(11, 'hellotest', 2, 'group_icon.png', '2017-09-27 06:15:50', '2017-09-27 06:15:50'),
(12, 'thanks', 1, '12_40dfce30389b10c5f26765aead4b5a95.jpg', '2017-09-27 09:47:40', '2017-09-27 09:47:40'),
(13, 'Vijay', 3, 'group_icon.png', '2017-09-27 19:33:59', '2017-09-27 19:33:58'),
(14, 'EraChat Test Group ', 3, 'group_icon.png', '2017-09-27 19:34:34', '2017-09-27 19:34:34'),
(15, 'EraChat Test Group', 3, 'group_icon.png', '2017-09-27 19:35:20', '2017-09-27 19:35:20');

-- --------------------------------------------------------

--
-- Table structure for table `ec_group_member`
--

CREATE TABLE `ec_group_member` (
  `id` int(11) NOT NULL,
  `group_id` int(11) NOT NULL,
  `member_id` longtext CHARACTER SET utf8mb4 COLLATE utf8mb4_unicode_520_ci NOT NULL,
  `created_at` timestamp NULL DEFAULT CURRENT_TIMESTAMP
) ENGINE=InnoDB DEFAULT CHARSET=latin1;

--
-- Dumping data for table `ec_group_member`
--

INSERT INTO `ec_group_member` (`id`, `group_id`, `member_id`, `created_at`) VALUES
(1, 1, 'a:1:{i:0;s:1:\"1\";}', '2017-09-11 12:18:03'),
(2, 2, 'a:2:{i:0;s:1:\"1\";i:1;s:1:\"4\";}', '2017-09-12 05:20:29'),
(3, 3, 'a:1:{i:0;s:1:\"1\";}', '2017-09-13 10:38:03'),
(4, 4, 'a:1:{i:0;s:1:\"1\";}', '2017-09-13 10:55:30'),
(5, 5, 'a:1:{i:0;s:1:\"1\";}', '2017-09-13 11:28:53'),
(6, 6, 'a:1:{i:0;s:1:\"1\";}', '2017-09-13 11:38:21'),
(7, 7, 'a:2:{i:0;s:1:\"2\";i:1;s:1:\"1\";}', '2017-09-16 09:41:24'),
(8, 8, 'a:2:{i:0;s:1:\"2\";i:1;s:1:\"1\";}', '2017-09-19 06:36:04'),
(9, 9, 'a:2:{i:0;s:1:\"8\";i:1;s:1:\"2\";}', '2017-09-26 08:47:18'),
(10, 10, 'a:3:{i:0;s:1:\"2\";i:1;s:1:\"1\";i:2;s:1:\"8\";}', '2017-09-26 08:55:46'),
(11, 11, 'a:2:{i:0;s:1:\"2\";i:1;s:1:\"4\";}', '2017-09-27 06:15:51'),
(12, 12, 'a:2:{i:0;s:1:\"1\";i:1;s:1:\"2\";}', '2017-09-27 09:47:40'),
(13, 13, 'a:1:{i:0;s:1:\"3\";}', '2017-09-27 19:33:59'),
(14, 14, 'a:3:{i:0;s:1:\"3\";i:1;s:1:\"2\";i:2;s:1:\"4\";}', '2017-09-27 19:34:34'),
(15, 15, 'a:3:{i:0;s:1:\"3\";i:1;s:1:\"2\";i:2;s:1:\"4\";}', '2017-09-27 19:35:20');

-- --------------------------------------------------------

--
-- Table structure for table `ec_group_message`
--

CREATE TABLE `ec_group_message` (
  `message_id` bigint(20) NOT NULL,
  `group_id` int(11) NOT NULL,
  `user_id` text NOT NULL COMMENT 'ReceiverID',
  `sender_id` int(11) NOT NULL COMMENT 'SenderID',
  `type` tinyint(4) DEFAULT '0' COMMENT '0-Text,1-Image,2-Video,3-Voice,4-Contact,5-Location',
  `message` varchar(200) DEFAULT NULL,
  `created_at` timestamp NULL DEFAULT CURRENT_TIMESTAMP
) ENGINE=InnoDB DEFAULT CHARSET=latin1;

--
-- Dumping data for table `ec_group_message`
--

INSERT INTO `ec_group_message` (`message_id`, `group_id`, `user_id`, `sender_id`, `type`, `message`, `created_at`) VALUES
(1, 1, '2', 1, 0, 'hello', '2017-09-11 12:18:21'),
(2, 1, '2', 1, 0, 'hii', '2017-09-11 12:23:06'),
(3, 1, '1', 2, 0, 'jxjxjxbx9xixjxjxix', '2017-09-11 12:57:20'),
(4, 1, '2', 1, 0, 'hello', '2017-09-12 04:51:54'),
(5, 1, '1', 2, 0, 'bxjzixoxnxjxoxjkx', '2017-09-12 04:52:17'),
(6, 2, '1,4', 2, 0, 'hello group', '2017-09-12 05:20:49'),
(7, 2, '1,4', 2, 0, 'hii', '2017-09-12 05:21:09'),
(8, 2, '1,4', 2, 0, 'hfjdidox', '2017-09-12 05:21:20'),
(9, 2, '2,1', 4, 0, 'Dhdhdhd', '2017-09-12 05:21:44'),
(10, 2, '2,1', 4, 0, 'Hdhdhd', '2017-09-12 05:21:49'),
(11, 2, '2,1', 4, 0, 'Hdhdjurn', '2017-09-12 05:21:50'),
(12, 2, '2,1', 4, 0, 'Jdjebdd', '2017-09-12 05:21:52'),
(13, 2, '2,1', 4, 0, 'Hdbebfj', '2017-09-12 05:21:54'),
(14, 2, '2,1', 4, 0, 'Bb brf', '2017-09-12 05:21:55'),
(15, 2, '1,4', 2, 0, 'nxjxjx', '2017-09-12 05:22:38'),
(16, 1, '2', 1, 0, 'gdyfy', '2017-09-12 05:22:52'),
(17, 2, '2,4', 1, 0, 'chdyf', '2017-09-12 05:53:02'),
(18, 2, '2,1', 4, 0, 'Dbdbdndj', '2017-09-12 05:53:30'),
(19, 1, '2', 1, 3, 'http://erachat.condoassist2u.com/api/uploads/message/80b70ba5a8e605b63c36b33fbf6fc6bd.mp3', '2017-09-12 05:54:12'),
(20, 2, '1,4', 2, 0, ' nn ', '2017-09-12 07:47:26'),
(21, 2, '4', 1, 0, 'xnnxxj', '2017-09-13 04:50:48'),
(22, 2, '4', 1, 0, 'xgufutug', '2017-09-13 04:51:09'),
(23, 2, '4', 1, 0, 'tedyfut', '2017-09-13 04:52:12'),
(24, 2, '4', 1, 0, 'chcu', '2017-09-13 04:52:48'),
(25, 2, '4', 1, 0, 'hii', '2017-09-13 06:33:10'),
(26, 1, '1', 2, 0, 'hcuc', '2017-09-13 09:24:09'),
(27, 1, '1,2', 2, 4, '371|Adarsh|http://erachat.condoassist2u.com/api/uploads/message/contact/b7f8efaa7ab086efefb76ef4ee64930f.jpg', '2017-09-13 09:24:16'),
(28, 1, '1,2', 2, 4, '268|Agrwal P|http://erachat.condoassist2u.com/api/uploads/message/contact/654a2e2dd3df7fab63140da6a0e128e0.jpg', '2017-09-13 09:32:11'),
(29, 1, '1,2', 2, 4, '46|916279043625|http://erachat.condoassist2u.com/api/uploads/message/contact/45c042b672cb260ea69e4e8c3340967b.jpg', '2017-09-13 09:36:08'),
(30, 1, '1,2', 2, 4, '371|Adarsh|http://erachat.condoassist2u.com/api/uploads/message/contact/8b3c2504223e49f79210c41cdac6866e.jpg', '2017-09-13 09:43:29'),
(31, 1, '1,2', 2, 4, '371|Adarsh|http://erachat.condoassist2u.com/api/uploads/message/contact/0cc0ea66f46dbfdd6b411a696163b224.jpg', '2017-09-13 09:45:53'),
(32, 1, '1,2', 2, 4, '371|Adarsh|http://erachat.condoassist2u.com/api/uploads/message/contact/4cd2c36d833d27a55db4dbea3d1774b6.jpg', '2017-09-13 09:46:41'),
(33, 1, '1,2', 2, 4, '371|Adarsh|http://erachat.condoassist2u.com/api/uploads/message/contact/bbb9c5b5c5b497c9cf155a8f5848206a.jpg', '2017-09-13 09:51:21'),
(34, 1, '1', 2, 0, 'bzhziz', '2017-09-13 09:51:27'),
(35, 1, '1,2', 2, 4, '268|Agrwal P|http://erachat.condoassist2u.com/api/uploads/message/contact/383247764c64936e08389f8e8f29bb95.jpg', '2017-09-13 09:54:49'),
(36, 1, '1', 2, 3, 'http://erachat.condoassist2u.com/api/uploads/message/7a8c2d6ba1042b5b6a11269c8937b255.mp3', '2017-09-13 10:10:38'),
(37, 2, '4,2', 1, 0, 'xnjx', '2017-09-13 10:26:33'),
(38, 2, '1,4,2', 1, 4, '9|Uttam Sir|http://erachat.condoassist2u.com/api/uploads/message/contact/b542cc0f05f69a32c65c4f55a9bca349.jpg', '2017-09-13 10:26:41'),
(39, 1, '1,2', 2, 4, '281|Aditya Cons|http://erachat.condoassist2u.com/api/uploads/message/contact/be4cba93620e57b8f76947102d0ec8c9.jpg', '2017-09-13 10:37:27'),
(40, 3, '1', 2, 0, 'bxjxix', '2017-09-13 10:38:14'),
(41, 3, '2,1', 2, 4, '268|Agrwal P|http://erachat.condoassist2u.com/api/uploads/message/contact/4abafbc4b7e7e96c057e289052e1a664.jpg', '2017-09-13 10:38:54'),
(42, 3, '2,1', 1, 4, '3|UIDAI|http://erachat.condoassist2u.com/api/uploads/message/contact/c3f476a1c56b25c2ea50049bc2623f96.jpg', '2017-09-13 10:46:18'),
(43, 3, '2,1', 1, 4, '9|Uttam Sir|http://erachat.condoassist2u.com/api/uploads/message/contact/16130d2d1dcffd98044bee28c43941d3.jpg', '2017-09-13 10:47:40'),
(44, 3, '2,1', 2, 4, '371|Adarsh|http://erachat.condoassist2u.com/api/uploads/message/contact/9bfa790d9b7e8be693347c222af54a4d.jpg', '2017-09-13 10:48:48'),
(45, 3, '2,1', 2, 4, '268|Agrwal P|http://erachat.condoassist2u.com/api/uploads/message/contact/900fa4ab769f96e42e13dcf4b756543e.jpg', '2017-09-13 10:48:58'),
(46, 2, '1,4,2', 2, 4, '371|Adarsh|http://erachat.condoassist2u.com/api/uploads/message/contact/d081b256c9c219076e8084ff1f776af2.jpg', '2017-09-13 10:52:11'),
(47, 2, '1,4,2', 2, 4, '371|Adarsh|http://erachat.condoassist2u.com/api/uploads/message/contact/77d23343ed1a7e3e62e72a5818781b4a.jpg', '2017-09-13 10:52:39'),
(48, 4, '2', 1, 0, 'xhusuzbx hi sjxu', '2017-09-13 10:55:49'),
(49, 4, '2', 1, 0, 'jxxj', '2017-09-13 10:56:51'),
(50, 4, '1,2', 1, 4, '9|Uttam Sir|http://erachat.condoassist2u.com/api/uploads/message/contact/1758da97dc4dc845d7f0339ccfd4a09f.jpg', '2017-09-13 10:57:23'),
(51, 4, '1,2', 1, 4, '9|Uttam Sir|http://erachat.condoassist2u.com/api/uploads/message/contact/227677f5af82e944f3fbf2e02a095d75.jpg', '2017-09-13 10:57:41'),
(52, 3, '2', 1, 0, 'ycufug', '2017-09-13 11:01:40'),
(53, 1, '2', 1, 0, 'cyg', '2017-09-13 11:02:07'),
(54, 1, '1,2', 1, 4, '5|Testuser|http://erachat.condoassist2u.com/api/uploads/message/contact/3fe7c28d54df931b214b4600acbe505b.jpg', '2017-09-13 11:02:20'),
(55, 1, '1,2', 1, 4, '7|Vijya|http://erachat.condoassist2u.com/api/uploads/message/contact/0cbf0fc792a5b225e6b240512f301de5.jpg', '2017-09-13 11:02:27'),
(56, 5, '2', 1, 0, 'udsu', '2017-09-13 11:29:04'),
(57, 5, '1,2', 1, 4, '5|Testuser|http://erachat.condoassist2u.com/api/uploads/message/contact/0e02b9fe1e2019e9e738e9d154cfef2c.jpg', '2017-09-13 11:29:17'),
(58, 5, '2', 1, 0, 'dff', '2017-09-13 11:30:44'),
(59, 6, '2', 1, 0, 'xhjx', '2017-09-13 11:38:33'),
(60, 6, '2', 1, 0, 'hxjxbxhx', '2017-09-13 11:38:39'),
(61, 6, '1,2', 1, 4, '5|Testuser|http://erachat.condoassist2u.com/api/uploads/message/contact/e98ca2eb5a2d3e633f93ac4e22c571a1.jpg', '2017-09-13 11:38:46'),
(62, 6, '2', 1, 0, 'hfjcic', '2017-09-13 11:39:05'),
(63, 3, '2', 1, 0, 'bxxj', '2017-09-13 11:50:48'),
(64, 3, '2,1', 1, 4, '3|UIDAI|http://erachat.condoassist2u.com/api/uploads/message/contact/e3b0f17a42f6a9ec6071982b907184e0.jpg', '2017-09-13 11:51:04'),
(65, 3, '2', 1, 0, 'dkxkkx', '2017-09-13 11:51:22'),
(66, 3, '1', 2, 0, 'zbjzjz', '2017-09-13 11:53:30'),
(67, 3, '2,1', 2, 4, '371|Adarsh|http://erachat.condoassist2u.com/api/uploads/message/contact/e065f57a9656bd70359e112450865013.jpg', '2017-09-13 11:53:37'),
(68, 3, '1', 2, 0, 'xnjx', '2017-09-13 11:53:44'),
(69, 5, '1,2', 2, 4, '371|Adarsh|http://erachat.condoassist2u.com/api/uploads/message/contact/b3fb45d390e151cd32a5cec820660786.jpg', '2017-09-13 11:54:55'),
(70, 5, '1,2', 2, 4, '371|Adarsh|http://erachat.condoassist2u.com/api/uploads/message/contact/c77e5f4594a701a877ca987877d8ae07.jpg', '2017-09-13 11:55:02'),
(71, 2, '1,4,2', 2, 4, '371|Adarsh|http://erachat.condoassist2u.com/api/uploads/message/contact/55076ddee494bb7dec853e49e9b5d8b1.jpg', '2017-09-13 12:03:51'),
(72, 2, '1,4', 2, 0, 'nxjx', '2017-09-13 12:03:56'),
(73, 2, '1,4', 2, 0, 'xjixnzjzjzzk', '2017-09-13 12:04:01'),
(74, 2, '1,4', 2, 0, 'vhk', '2017-09-13 12:08:10'),
(75, 2, '1,4', 2, 0, 'hdi', '2017-09-13 12:10:47'),
(76, 2, '1,4,2', 2, 4, '371|Adarsh|http://erachat.condoassist2u.com/api/uploads/message/contact/d074116728eb677a0e16bab60920c33b.jpg', '2017-09-13 12:10:54'),
(77, 2, '1,4,2', 2, 4, '281|Aditya Cons|http://erachat.condoassist2u.com/api/uploads/message/contact/cc2c9564ec64219af1fb849781846400.jpg', '2017-09-13 12:11:02'),
(78, 2, '1,4', 2, 0, 'xkxkx', '2017-09-13 12:11:19'),
(79, 2, '1,4', 2, 0, 'nxjxnxkxoxk ', '2017-09-13 12:19:14'),
(80, 2, '1,4,2', 1, 4, '9|Uttam Sir|http://erachat.condoassist2u.com/api/uploads/message/contact/d6394c8ba858903cdf3b2a70f24b5e03.jpg', '2017-09-13 12:32:25'),
(81, 2, '1,4', 2, 0, 'jxixnxkxixixj', '2017-09-13 12:57:19'),
(82, 2, '1,4', 2, 4, '268|Agrwal P|http://erachat.condoassist2u.com/api/uploads/message/contact/0ddb60fa675f591ee7a57c34c78afc56.jpg', '2017-09-13 12:59:40'),
(83, 7, '1', 2, 0, 'nxjxiz', '2017-09-16 09:42:11'),
(84, 7, '1', 2, 5, '25.6021701,85.1602809', '2017-09-16 10:05:43'),
(85, 7, '1', 2, 0, 'xbjcjc', '2017-09-16 10:43:29'),
(86, 7, '1', 2, 0, 'bdjdi', '2017-09-16 10:49:10'),
(87, 7, '1', 2, 5, '25.6021582,85.1602708', '2017-09-16 10:54:17'),
(88, 7, '2', 1, 5, '25.6021701,85.1602809', '2017-09-16 11:50:20'),
(89, 8, '1', 2, 0, 'jdidifjf', '2017-09-19 06:36:15'),
(90, 8, '1', 2, 0, 'ncncncmc', '2017-09-19 06:36:22'),
(91, 8, '1', 2, 0, 'nfjdnf', '2017-09-19 06:36:25'),
(92, 8, '1', 2, 3, 'http://erachat.condoassist2u.com/api/uploads/message/9f7dc4893b4d277045eef6e530dadb98.mp3', '2017-09-19 06:36:38'),
(93, 8, '1', 2, 3, 'http://erachat.condoassist2u.com/api/uploads/message/b2ec291ccada26857f2ed2aaa5e69e64.mp3', '2017-09-19 06:36:42'),
(94, 8, '1', 2, 0, 'dbjxbcibf8dndjdj', '2017-09-19 06:36:50'),
(95, 8, '1', 2, 0, 'xbidbdudndu', '2017-09-19 06:36:54'),
(96, 8, '1', 2, 0, 'bcidbdudb', '2017-09-19 06:36:57'),
(97, 8, '1', 2, 0, 'bcudbdu', '2017-09-19 06:37:00'),
(98, 8, '1', 2, 0, 'xbbdjdbdjxix', '2017-09-19 06:37:06'),
(99, 8, '2', 1, 0, 'mxkskxnx', '2017-09-19 11:41:16'),
(100, 8, '2', 1, 0, 'jxix', '2017-09-19 11:41:19'),
(101, 8, '2', 1, 0, 'hxjxjxjxjxjx', '2017-09-19 11:41:23'),
(102, 8, '2', 1, 0, 'nxnxjxjx', '2017-09-19 11:41:27'),
(103, 8, '2', 1, 0, 'bxjkxnxjxk', '2017-09-19 11:41:36'),
(104, 8, '2', 1, 0, 'xnkxkxnxjznx', '2017-09-19 11:41:46'),
(105, 8, '2', 1, 0, 'nxjxkznxiz', '2017-09-19 11:41:49'),
(106, 8, '2', 1, 5, '25.6021701,85.1602809', '2017-09-19 11:42:49'),
(107, 8, '2', 1, 5, '25.6021701,85.1602809', '2017-09-19 11:43:12'),
(108, 8, '2', 1, 5, '25.6021701,85.1602809', '2017-09-19 11:45:22'),
(109, 8, '1', 2, 0, 'jxixjxjxi', '2017-09-19 12:09:05'),
(110, 8, '1', 2, 0, 'xhhjxnxjxii', '2017-09-19 12:09:09'),
(111, 8, '1', 2, 0, 'hdjxjx', '2017-09-19 12:09:16'),
(112, 8, '2', 1, 0, 'gyjfghh', '2017-09-19 12:09:31'),
(113, 8, '2', 1, 0, 'cyfyfufufufufug', '2017-09-19 12:09:40'),
(114, 8, '1', 2, 0, 'xbxjnxkxk', '2017-09-19 12:09:57'),
(115, 8, '2', 1, 0, 'bxjxjxjjx', '2017-09-19 12:16:30'),
(116, 8, '2', 1, 0, 'hu', '2017-09-19 12:17:06'),
(117, 8, '1', 2, 0, 'xjjxjx', '2017-09-19 12:17:23'),
(118, 8, '2', 1, 0, 'jcjfjckcihdkeuxbzi', '2017-09-19 12:30:28'),
(119, 8, '1', 2, 0, 'xjjxkx', '2017-09-20 07:57:41'),
(120, 8, '1', 2, 5, '25.6021701,85.1602809', '2017-09-20 08:52:36'),
(121, 8, '2', 1, 5, '25.6021582,85.1602708', '2017-09-20 09:03:20'),
(122, 8, '2', 1, 4, '8|Testuser|http://erachat.condoassist2u.com/api/uploads/message/contact/d2371095993d635a43a0464d333971a7.jpg', '2017-09-20 09:03:47'),
(123, 8, '2', 1, 4, '4|Distress Number|http://erachat.condoassist2u.com/api/uploads/message/contact/50f98246c1ad168abd9a7ed31374c79e.jpg', '2017-09-20 09:04:11'),
(124, 8, '1', 2, 4, '389|Adarsh|http://erachat.condoassist2u.com/api/uploads/message/contact/c253c7bcf44b5a511165e493e4f51d04.jpg', '2017-09-20 09:04:49'),
(125, 8, '1', 2, 5, '25.6021701,85.1602809', '2017-09-20 09:15:11'),
(126, 8, '1', 2, 4, '281|Aditya Cons|http://erachat.condoassist2u.com/api/uploads/message/contact/4e59b09d7a6921d6de40c19d3c658a51.jpg', '2017-09-20 09:15:30'),
(127, 8, '1', 2, 4, '389|Adarsh|http://erachat.condoassist2u.com/api/uploads/message/contact/0369ed4be33a55785346593b02b34b64.jpg', '2017-09-20 09:22:08'),
(128, 8, '1', 2, 4, '281|Aditya Cons|http://erachat.condoassist2u.com/api/uploads/message/contact/3b5fb72a1e8640487db91c838697f135.jpg', '2017-09-20 09:23:07'),
(129, 8, '1', 2, 4, '414|client|http://erachat.condoassist2u.com/api/uploads/message/contact/263dfbec75d6a5fa4b51c3ab89d8a8f4.jpg', '2017-09-20 09:23:33'),
(130, 8, '2', 1, 4, '8|Testuser|http://erachat.condoassist2u.com/api/uploads/message/contact/d3e061925e1279829c216d695af8dd5c.jpg', '2017-09-20 09:31:48'),
(131, 8, '2', 1, 0, 'chchfhfy', '2017-09-20 09:32:24'),
(132, 8, '1', 2, 0, 'hdudud', '2017-09-20 09:32:44'),
(133, 8, '2', 1, 0, 'xgdfyfy', '2017-09-20 09:33:12'),
(134, 8, '2', 1, 0, 'hcyfyfhcgc', '2017-09-20 09:33:27'),
(135, 8, '2', 1, 4, '5|Uttam Sir|http://erachat.condoassist2u.com/api/uploads/message/contact/0a57c6d54be595e08148a0a5ee74987b.jpg', '2017-09-20 09:34:43'),
(136, 8, '1', 2, 4, '389|Adarsh|http://erachat.condoassist2u.com/api/uploads/message/contact/b897d41d86cf457bbf503f0024f94a20.jpg', '2017-09-20 09:43:20'),
(137, 8, '2', 1, 4, '10|1800-300-1947|http://erachat.condoassist2u.com/api/uploads/message/contact/1046d1909958f35e0d02bc9cbda43b13.jpg', '2017-09-20 09:58:57'),
(138, 8, '1', 2, 4, '389|Adarsh|http://erachat.condoassist2u.com/api/uploads/message/contact/b70de12cfd1fe6cebdcd5276918ef05a.jpg', '2017-09-20 09:59:17'),
(139, 8, '1', 2, 4, '343|9805798|http://erachat.condoassist2u.com/api/uploads/message/contact/885b6d970069c9d954f51fc890458a02.jpg', '2017-09-20 10:03:13'),
(140, 8, '2', 1, 4, '343|9805798|http://erachat.condoassist2u.com/api/uploads/message/contact/b22d60b77707eb5c5824ca1612da0ba7.jpg', '2017-09-20 10:03:50'),
(141, 8, '1', 2, 4, '281|Aditya Cons|http://erachat.condoassist2u.com/api/uploads/message/contact/58508eb8bf28c747681940983f843f53.jpg', '2017-09-20 10:10:57'),
(142, 8, '1', 2, 0, 'bxjxjdjx', '2017-09-20 10:42:28'),
(143, 8, '1', 2, 0, 'xbjxjxjxkx', '2017-09-20 10:42:45'),
(144, 8, '1', 2, 0, 'chjxkdi', '2017-09-20 10:42:59'),
(145, 8, '1', 2, 0, 'ncjcjcj', '2017-09-20 10:45:12'),
(146, 8, '1', 2, 4, '389|Adarsh|http://erachat.condoassist2u.com/api/uploads/message/contact/d8432125d7e3ad84d0adb632d5f06d11.jpg', '2017-09-20 10:45:25'),
(147, 8, '1', 2, 5, '25.6021701,85.1602809', '2017-09-20 10:45:37'),
(148, 8, '1', 2, 5, '25.6021582,85.1602708', '2017-09-20 11:47:24'),
(149, 8, '1', 2, 5, '25.6021701,85.1602809', '2017-09-20 11:49:22'),
(150, 8, '1', 2, 4, '281|090 39 733845|http://erachat.condoassist2u.com/api/uploads/message/contact/3d1628e6d9eb41495f3ff185855673f9.jpg', '2017-09-20 11:49:36'),
(151, 8, '1', 2, 0, 'xnnxjxkx', '2017-09-21 06:11:29'),
(152, 8, '1', 2, 0, 'djidudjdjjd', '2017-09-21 06:11:34'),
(153, 8, '1', 2, 0, 'xudbdjxjx', '2017-09-21 06:11:47'),
(154, 8, '1', 2, 0, 'jfjfnfnfkf', '2017-09-21 06:11:56'),
(155, 8, '1', 2, 3, 'http://erachat.condoassist2u.com/api/uploads/message/b5aba021f95288caecdbce9695a2d4a3.mp3', '2017-09-21 06:12:13'),
(156, 7, '1', 2, 0, 'xjdjdj', '2017-09-25 11:02:58'),
(157, 7, '1', 2, NULL, '/9j/4AAQSkZJRgABAQAAAQABAAD/2wBDABsSFBcUERsXFhceHBsgKEIrKCUlKFE6PTBCYFVlZF9V\nXVtqeJmBanGQc1tdhbWGkJ6jq62rZ4C8ybqmx5moq6T/2wBDARweHigjKE4rK06kbl1upKSkpKSk\npKSkpKSkpKSkpKSkpKSkpKSkpKSkpKSkpKSkpKSkpKSkpK', '2017-09-25 11:03:39'),
(158, 7, '1', 2, NULL, '/9j/4AAQSkZJRgABAQAAAQABAAD/2wBDABsSFBcUERsXFhceHBsgKEIrKCUlKFE6PTBCYFVlZF9V\nXVtqeJmBanGQc1tdhbWGkJ6jq62rZ4C8ybqmx5moq6T/2wBDARweHigjKE4rK06kbl1upKSkpKSk\npKSkpKSkpKSkpKSkpKSkpKSkpKSkpKSkpKSkpKSkpKSkpK', '2017-09-25 11:34:31'),
(159, 7, '1', 2, NULL, '/9j/4AAQSkZJRgABAQAAAQABAAD/2wBDABsSFBcUERsXFhceHBsgKEIrKCUlKFE6PTBCYFVlZF9V\nXVtqeJmBanGQc1tdhbWGkJ6jq62rZ4C8ybqmx5moq6T/2wBDARweHigjKE4rK06kbl1upKSkpKSk\npKSkpKSkpKSkpKSkpKSkpKSkpKSkpKSkpKSkpKSkpKSkpK', '2017-09-25 11:40:46'),
(160, 7, '2', 1, NULL, '/9j/4AAQSkZJRgABAQAAAQABAAD/2wBDACgcHiMeGSgjISMtKygwPGRBPDc3PHtYXUlkkYCZlo+A\njIqgtObDoKrarYqMyP/L2u71////m8H////6/+b9//j/2wBDASstLTw1PHZBQXb4pYyl+Pj4+Pj4\n+Pj4+Pj4+Pj4+Pj4+Pj4+Pj4+Pj4+Pj4+Pj4+Pj4+Pj4+P', '2017-09-25 12:01:06'),
(161, 7, '1', 2, NULL, '/9j/4AAQSkZJRgABAQAAAQABAAD/2wBDACgcHiMeGSgjISMtKygwPGRBPDc3PHtYXUlkkYCZlo+A\njIqgtObDoKrarYqMyP/L2u71////m8H////6/+b9//j/2wBDASstLTw1PHZBQXb4pYyl+Pj4+Pj4\n+Pj4+Pj4+Pj4+Pj4+Pj4+Pj4+Pj4+Pj4+Pj4+Pj4+Pj4+P', '2017-09-25 12:01:56'),
(162, 7, '2', 1, NULL, '/9j/4AAQSkZJRgABAQAAAQABAAD/2wBDACgcHiMeGSgjISMtKygwPGRBPDc3PHtYXUlkkYCZlo+A\njIqgtObDoKrarYqMyP/L2u71////m8H////6/+b9//j/2wBDASstLTw1PHZBQXb4pYyl+Pj4+Pj4\n+Pj4+Pj4+Pj4+Pj4+Pj4+Pj4+Pj4+Pj4+Pj4+Pj4+Pj4+P', '2017-09-25 12:13:25'),
(163, 1, '1', 2, 1, 'http://erachat.condoassist2u.com/api/uploads/message/248ac7a05a5a54c5f57171bf654dbbe3.jpg', '2017-09-25 12:15:53'),
(164, 7, '1', 2, NULL, '/9j/4AAQSkZJRgABAQAAAQABAAD/2wBDACgcHiMeGSgjISMtKygwPGRBPDc3PHtYXUlkkYCZlo+A\njIqgtObDoKrarYqMyP/L2u71////m8H////6/+b9//j/2wBDASstLTw1PHZBQXb4pYyl+Pj4+Pj4\n+Pj4+Pj4+Pj4+Pj4+Pj4+Pj4+Pj4+Pj4+Pj4+Pj4+Pj4+P', '2017-09-25 12:16:18'),
(165, 7, '1', 2, 5, '25.6021582,85.1602708', '2017-09-25 12:42:08'),
(166, 1, '1', 2, 1, 'http://erachat.condoassist2u.com/api/uploads/message/cc8cb8c92c560c244947b9066daf7ab7.jpg', '2017-09-25 12:43:18'),
(167, 7, '1', 2, 0, 'b xjxxn', '2017-09-25 12:56:06'),
(168, 7, '1', 2, 0, 'bxjxbxhxjx', '2017-09-25 12:56:12'),
(169, 7, '1', 2, 0, 'xhjxjxjcnc', '2017-09-25 12:56:13'),
(170, 7, '1', 2, NULL, '/9j/4AAQSkZJRgABAQAAAQABAAD/2wBDACgcHiMeGSgjISMtKygwPGRBPDc3PHtYXUlkkYCZlo+A\njIqgtObDoKrarYqMyP/L2u71////m8H////6/+b9//j/2wBDASstLTw1PHZBQXb4pYyl+Pj4+Pj4\n+Pj4+Pj4+Pj4+Pj4+Pj4+Pj4+Pj4+Pj4+Pj4+Pj4+Pj4+P', '2017-09-25 13:01:52'),
(171, 7, '2', 1, NULL, '/9j/4AAQSkZJRgABAQAAAQABAAD/2wBDACgcHiMeGSgjISMtKygwPGRBPDc3PHtYXUlkkYCZlo+A\njIqgtObDoKrarYqMyP/L2u71////m8H////6/+b9//j/2wBDASstLTw1PHZBQXb4pYyl+Pj4+Pj4\n+Pj4+Pj4+Pj4+Pj4+Pj4+Pj4+Pj4+Pj4+Pj4+Pj4+Pj4+P', '2017-09-25 13:03:49'),
(172, 7, '1', 2, 0, 'jcjxjdjd', '2017-09-26 04:23:51'),
(173, 7, '1', 2, 0, 'nfjfkfncjc', '2017-09-26 04:23:56'),
(174, 7, '1', 2, 0, 'ncjxnxnxncj', '2017-09-26 04:24:02'),
(175, 7, '1', 2, 0, 'hello', '2017-09-26 04:29:20'),
(176, 7, '1', 2, 0, 'jjdjdj', '2017-09-26 04:29:29'),
(177, 7, '1', 2, 0, 'jcjcjjjx', '2017-09-26 04:29:31'),
(178, 7, '1', 2, 0, 'cjjcifjjdjd', '2017-09-26 04:29:36'),
(179, 7, '1', 2, 0, ' nmcmc', '2017-09-26 04:29:43'),
(180, 7, '2', 1, 0, 'hcgcyf', '2017-09-26 04:38:14'),
(181, 7, '2', 1, 0, 'tgjk', '2017-09-26 04:38:34'),
(182, 7, '2', 1, 0, 'gztxtxtxgz', '2017-09-26 04:38:42'),
(183, 7, '1', 2, 1, 'http://erachat.condoassist2u.com/api/uploads/message/af9686f8a5d783e86a8e6dc07bf0637d.jpg', '2017-09-26 04:40:39'),
(184, 7, '1', 2, 1, 'http://erachat.condoassist2u.com/api/uploads/message/3d366db9e71ca366a762cb50c9e0b794.jpg', '2017-09-26 05:07:17'),
(185, 7, '2', 1, 1, 'http://erachat.condoassist2u.com/api/uploads/message/42a27272f6429be6ff286892ed57cbbf.jpg', '2017-09-26 05:07:55'),
(186, 7, '2', 1, 1, 'http://erachat.condoassist2u.com/api/uploads/message/6223248227e8ce6df291c06d91d84412.jpg', '2017-09-26 05:11:50'),
(187, 7, '2', 1, 0, 'hii', '2017-09-26 05:35:09'),
(188, 7, '2', 1, 0, 'hello', '2017-09-26 05:35:22'),
(189, 7, '1', 2, 0, 'hii', '2017-09-26 05:35:48'),
(190, 7, '2', 1, 5, '25.6021708,85.1603011', '2017-09-26 05:36:01'),
(191, 7, '2', 1, 5, '25.6021701,85.1602809', '2017-09-26 05:36:52'),
(192, 7, '2', 1, 4, '10|1800-300-1947|http://erachat.condoassist2u.com/api/uploads/message/contact/e0f732c0a2158afbd69ca970da09fd46.jpg', '2017-09-26 05:39:38'),
(193, 7, '1', 2, 4, '46|916279043625|http://erachat.condoassist2u.com/api/uploads/message/contact/d9e36e7738dd5d1ba4ba89badf119190.jpg', '2017-09-26 05:40:15'),
(194, 7, '1', 2, 5, '25.6021464,85.1602606', '2017-09-26 05:40:49'),
(195, 7, '1', 2, 1, 'http://erachat.condoassist2u.com/api/uploads/message/d3781178e835f6d655e4dda524b762a5.jpg', '2017-09-26 05:41:09'),
(196, 7, '1', 2, 0, 'ghj', '2017-09-26 05:54:19'),
(197, 7, '1', 2, 0, 'dyfyfyfyfyry', '2017-09-26 05:54:29'),
(198, 7, '1', 2, 0, 'hello', '2017-09-26 06:02:45'),
(199, 7, '1', 2, 0, 'hcjvuvu', '2017-09-26 06:17:15'),
(200, 7, '2', 1, 0, 'jcjcjcjc', '2017-09-26 06:18:01'),
(201, 7, '2', 1, 0, 'jxxj', '2017-09-26 06:29:42'),
(202, 7, '2', 1, 0, 'jxzjjz', '2017-09-26 06:29:59'),
(203, 7, '2', 1, 0, 'hii', '2017-09-26 06:30:10'),
(204, 7, '2', 1, 0, 'xgxgd', '2017-09-26 06:39:07'),
(205, 7, '2', 1, 4, '5|+609385-384111|http://erachat.condoassist2u.com/api/uploads/message/contact/e0d5313119246ba9c41174e1aae16210.jpg', '2017-09-26 06:39:18'),
(206, 7, '2', 1, 5, '25.6021582,85.1602708', '2017-09-26 06:40:01'),
(207, 7, '2', 1, 1, 'http://erachat.condoassist2u.com/api/uploads/message/f37388ca92ba26dd4496f221d07816a1.jpg', '2017-09-26 06:50:03'),
(208, 7, '1', 2, 0, 'bcjdud', '2017-09-26 07:03:04'),
(209, 7, '1', 2, 1, 'http://erachat.condoassist2u.com/api/uploads/message/9823e6dd6dd33831e95ddfa47f47f466.jpg', '2017-09-26 07:03:21'),
(210, 7, '2', 1, 1, 'http://erachat.condoassist2u.com/api/uploads/message/74268c855f2bbef7bd2af7c508fa69d5.jpg', '2017-09-26 07:04:21'),
(211, 7, '1', 2, 0, 'jxjxjd', '2017-09-26 07:16:14'),
(212, 7, '2', 1, 1, 'http://erachat.condoassist2u.com/api/uploads/message/6d33dcad3b4ff4ddfb37a3a10bddad21.jpg', '2017-09-26 07:16:37'),
(213, 8, '1', 2, 0, 'bxjxjd', '2017-09-26 07:22:36'),
(214, 8, '1', 2, 0, 'xjxjjxkxkx', '2017-09-26 07:22:47'),
(215, 8, '1', 2, 1, 'http://erachat.condoassist2u.com/api/uploads/message/3ab98ffc8fc5b2c08002748ba664536f.jpg', '2017-09-26 07:25:31'),
(216, 8, '2', 1, 0, 'jdjdid', '2017-09-26 07:27:41'),
(217, 8, '1', 2, 1, 'http://erachat.condoassist2u.com/api/uploads/message/701750375c38e2f705923ee0c0769b6e.jpg', '2017-09-26 07:28:09'),
(218, 8, '1', 2, 0, 'dhududud', '2017-09-26 07:35:51'),
(219, 8, '2', 1, 0, 'cgcyfyf', '2017-09-26 07:36:01'),
(220, 8, '2', 1, 1, 'http://erachat.condoassist2u.com/api/uploads/message/b5c3401ef61e39700c1d4ab7ea18b6ef.jpg', '2017-09-26 07:36:12'),
(221, 8, '1', 2, 0, 'ffjjf', '2017-09-26 07:40:44'),
(222, 8, '1', 2, 0, 'hii', '2017-09-26 07:41:00'),
(223, 8, '1', 2, 1, 'http://erachat.condoassist2u.com/api/uploads/message/6f84a578b64d42e6c40079005705d4bd.jpg', '2017-09-26 07:41:16'),
(224, 8, '2', 1, 1, 'http://erachat.condoassist2u.com/api/uploads/message/6ddfa2ea955acb074acf0a66e9b28b4d.jpg', '2017-09-26 07:41:46'),
(225, 8, '2', 1, 4, '6|(852) 726-5715|http://erachat.condoassist2u.com/api/uploads/message/contact/5877e65b3bbf0233dc5739fbf3014718.jpg', '2017-09-26 07:45:38'),
(226, 8, '2', 1, 5, '25.6021582,85.1602708', '2017-09-26 07:46:06'),
(227, 8, '2', 1, 0, 'cgxgchucgc', '2017-09-26 07:49:32'),
(228, 8, '2', 1, 0, 'bxgxyfy', '2017-09-26 07:50:00'),
(229, 8, '1', 2, 4, '389|+919973156086|http://erachat.condoassist2u.com/api/uploads/message/contact/39cad8b36fe176ae88804a67ca2734bf.jpg', '2017-09-26 08:02:00'),
(230, 8, '1', 2, 5, '25.6021582,85.1602708', '2017-09-26 08:02:10'),
(231, 8, '1', 2, 0, 'hii', '2017-09-26 08:02:47'),
(232, 9, '2', 8, 0, 'jfjfjfi', '2017-09-26 08:47:27'),
(233, 9, '8', 2, 0, '.haffbhmmh', '2017-09-26 08:47:42'),
(234, 9, '8', 2, 0, 'behdmjgl', '2017-09-26 08:47:59'),
(235, 9, '2', 8, 0, 'hdjdjdj', '2017-09-26 08:48:03'),
(236, 9, '8', 2, 0, 'jcjcjc', '2017-09-26 08:49:05'),
(237, 9, '8', 2, 0, 'kfkdkdk', '2017-09-26 08:49:08'),
(238, 9, '8', 2, 0, 'ndknckcmc', '2017-09-26 08:49:13'),
(239, 9, '8', 2, 0, 'hcuix', '2017-09-26 08:50:15'),
(240, 9, '8', 2, 0, 'jixkxkz', '2017-09-26 08:50:26'),
(241, 9, '8', 2, 0, 'h', '2017-09-26 08:55:11'),
(242, 10, '1,8', 2, 0, 'jduid', '2017-09-26 08:58:36'),
(243, 10, '2,1', 8, 0, 'gxtdgdt', '2017-09-26 08:58:48'),
(244, 10, '1,8', 2, 0, 'ntkfk', '2017-09-26 08:59:05'),
(245, 10, '2,1', 8, 0, 'ygugu', '2017-09-26 08:59:14'),
(246, 10, '1,8', 2, 0, 'dkkdk', '2017-09-26 09:00:52'),
(247, 9, '2', 8, 0, 'ycycy', '2017-09-26 09:01:06'),
(248, 10, '2,1', 8, 5, '0.0,0.0', '2017-09-26 09:20:16'),
(249, 9, '2', 8, 5, '0.0,0.0', '2017-09-26 09:20:43'),
(250, 10, '1,8', 2, 0, 'fhdjjfjf', '2017-09-26 09:31:11'),
(251, 10, '1,8', 2, 0, 'ckfk', '2017-09-26 09:31:21'),
(252, 8, '1', 2, 0, ' jcjfjc', '2017-09-26 09:40:17'),
(253, 9, '8', 2, 0, 'hdjd', '2017-09-26 09:43:56'),
(254, 10, '1,8', 2, 0, 'jfuffnf', '2017-09-26 09:44:03'),
(255, 10, '1,8', 2, 0, 'fjjfifkd', '2017-09-26 09:44:10'),
(256, 10, '2,1', 8, 0, 'jxjjd', '2017-09-26 09:44:58'),
(257, 10, '2,1', 8, 0, 'kffk', '2017-09-26 09:45:24'),
(258, 10, '2,1', 8, 0, 'hdhd', '2017-09-26 09:47:35'),
(259, 10, '2,1', 8, 1, 'http://erachat.condoassist2u.com/api/uploads/message/5fea7f7fda7813f14de00aa056ef6caa.jpg', '2017-09-26 09:48:25'),
(260, 10, '2,1', 8, 0, 'ktkg', '2017-09-26 09:48:32'),
(261, 10, '2,1', 8, 4, '252|+91 99925 49918|http://erachat.condoassist2u.com/api/uploads/message/contact/adcb437fbabc2d8902299422ffe594f7.jpg', '2017-09-26 09:48:51'),
(262, 10, '2,1', 8, 5, '0.0,0.0', '2017-09-26 09:49:12'),
(263, 10, '1,8', 2, 0, 'ccbcj', '2017-09-26 09:49:47'),
(264, 10, '1,8', 2, 0, 'nfjfjfk', '2017-09-26 09:49:50'),
(265, 9, '8', 2, 0, 'nfjdj', '2017-09-26 09:54:48'),
(266, 9, '8', 2, 0, 'xiix', '2017-09-26 09:55:15'),
(267, 9, '8', 2, 0, 'huxux', '2017-09-26 09:55:30'),
(268, 9, '8', 2, 0, 'xjxjjx', '2017-09-26 09:55:33'),
(269, 10, '2,1', 8, 0, 'jxjxjx', '2017-09-26 09:55:44'),
(270, 10, '2,1', 8, 0, 'ncjjxjd', '2017-09-26 09:55:54'),
(271, 9, '8', 2, 0, 'fnnmjm', '2017-09-26 09:56:11'),
(272, 9, '8', 2, 0, 'wrvrfbsbs', '2017-09-26 09:56:19'),
(273, 9, '8', 2, 0, ' bvgssg', '2017-09-26 09:56:23'),
(274, 9, '8', 2, 0, 'fdnndnjy', '2017-09-26 09:56:27'),
(275, 9, '8', 2, 0, 'fcvbjj', '2017-09-26 09:56:41'),
(276, 9, '2', 8, 0, 'guugii', '2017-09-26 09:56:49'),
(277, 9, '2', 8, 0, 'hvvuuvub', '2017-09-26 09:56:51'),
(278, 9, '8', 2, 0, 'jcjf', '2017-09-26 10:03:03'),
(279, 10, '1,8', 2, 0, 'hchc', '2017-09-26 10:03:12'),
(280, 8, '1', 2, 0, 'cj', '2017-09-26 10:03:38'),
(281, 10, '1,8', 2, 0, 'cjjckx', '2017-09-26 10:26:05'),
(282, 10, '1,8', 2, 0, 'hii', '2017-09-26 10:29:21'),
(283, 10, '1,8', 2, 0, 'xjxj', '2017-09-26 10:37:02'),
(284, 8, '1', 2, 0, 'xnjxkx', '2017-09-26 10:37:23'),
(285, 8, '1', 2, 0, 'nxk', '2017-09-26 10:37:26'),
(286, 10, '1,8', 2, 0, 'b ', '2017-09-26 10:40:42'),
(287, 8, '1', 2, 0, 'cjc', '2017-09-26 10:49:35'),
(288, 8, '1', 2, 0, 'ufif', '2017-09-26 10:49:47'),
(289, 10, '1,8', 2, 0, 'hii', '2017-09-26 10:50:25'),
(290, 10, '1,8', 2, 0, 'cnjcmv', '2017-09-26 10:50:34'),
(291, 10, '1,8', 2, 0, 'cmmcmdk', '2017-09-26 10:50:42'),
(292, 9, '2', 8, 0, 'cbfhfj', '2017-09-26 10:50:46'),
(293, 9, '2', 8, 0, 'f', '2017-09-26 10:50:48'),
(294, 9, '2', 8, 0, 'chfhfhfhd', '2017-09-26 10:50:55'),
(295, 9, '2', 8, 3, 'http://erachat.condoassist2u.com/api/uploads/message/e20f1b558bbca3882d49df2dd1d33762.mp3', '2017-09-26 10:51:01'),
(296, 9, '2', 8, 3, 'http://erachat.condoassist2u.com/api/uploads/message/5a61df875e17f5f94a33772bdc643534.mp3', '2017-09-26 10:51:06'),
(297, 9, '2', 8, 0, 'bshsjsnsn', '2017-09-26 10:51:49'),
(298, 9, '2', 8, 0, 'cjdjkdkdkdkd', '2017-09-26 10:52:30'),
(299, 10, '1,8', 2, 0, 'jcjxjx', '2017-09-26 11:05:00'),
(300, 10, '1,8', 2, 0, 'n jx', '2017-09-26 11:05:37'),
(301, 9, '8', 2, 0, 'hello', '2017-09-26 11:47:46'),
(302, 9, '8', 2, 0, 'jxmddmmd', '2017-09-26 11:47:55'),
(303, 9, '8', 2, 0, 'cmkdmd', '2017-09-26 11:48:03'),
(304, 10, '1,8', 2, 0, 'hii', '2017-09-27 05:39:37'),
(305, 9, '8', 2, 0, 'hwwwwww', '2017-09-27 06:01:59'),
(306, 10, '1,8', 2, 0, 'hellll?lllo', '2017-09-27 06:06:01'),
(307, 8, '1', 2, 0, 'hii', '2017-09-27 06:17:40'),
(308, 8, '1', 2, 0, 'hello1', '2017-09-27 06:17:53'),
(309, 8, '1', 2, 0, 'hello2', '2017-09-27 06:17:58'),
(310, 8, '1', 2, 0, 'hello3', '2017-09-27 06:18:04'),
(311, 8, '1', 2, 0, 'hello3', '2017-09-27 06:18:09'),
(312, 8, '1', 2, 0, 'hello4', '2017-09-27 06:18:20'),
(313, 8, '1', 2, 0, 'hello5', '2017-09-27 06:18:25'),
(314, 9, '8', 2, 0, 'hii', '2017-09-27 07:18:14'),
(315, 9, '8', 2, 0, 'be', '2017-09-27 07:24:13'),
(316, 10, '1,8', 2, 0, 'jjxkxkx', '2017-09-27 07:36:53'),
(317, 10, '1,8', 2, 0, 'yeppee', '2017-09-27 07:37:05'),
(318, 9, '2', 8, 0, 'fhfhfjf', '2017-09-27 07:37:27'),
(319, 9, '8', 2, 0, 'bii', '2017-09-27 07:51:34'),
(320, 9, '8', 2, 0, 'bu', '2017-09-27 07:51:41'),
(321, 8, '1', 2, 0, 'je', '2017-09-27 07:52:12'),
(322, 8, '1', 2, 0, 'bello6', '2017-09-27 07:53:31'),
(323, 8, '1', 2, 0, 'xbxnjxjzj', '2017-09-27 08:59:26'),
(324, 8, '1', 2, 0, 'zhhzjxhjx', '2017-09-27 08:59:34'),
(325, 8, '1', 2, 0, 'bxhxj jbxisjchisjchcuucjdjfjduud ', '2017-09-27 08:59:46'),
(326, 10, '1,8', 2, 0, 'cff', '2017-09-27 09:01:18'),
(327, 8, '1', 2, 0, 'cnjxkx', '2017-09-27 09:57:59'),
(328, 8, '2', 1, 0, 'gufyfy', '2017-09-27 09:58:10'),
(329, 8, '2', 1, 0, 'gugg', '2017-09-27 09:58:40'),
(330, 8, '1', 2, 0, 'fjdj', '2017-09-27 09:58:59'),
(331, 8, '2', 1, 0, 'vufufy', '2017-09-27 09:59:10'),
(332, 8, '1', 2, 0, 'fjjfjf', '2017-09-27 09:59:17'),
(333, 10, '1,8', 2, 0, 'ndjxjx', '2017-09-27 10:04:09'),
(334, 10, '2,8', 1, 0, 'hvyfyf', '2017-09-27 10:04:21'),
(335, 10, '2,8', 1, 0, 'gxhchfu', '2017-09-27 10:04:42'),
(336, 10, '2,8', 1, 0, 'hcufuf', '2017-09-27 10:04:51'),
(337, 10, '2,8', 1, 0, 'uvycyxy', '2017-09-27 10:07:19'),
(338, 10, '1,8', 2, 0, 'xjxjd', '2017-09-27 10:07:33'),
(339, 10, '1,8', 2, 0, 'jxididid', '2017-09-27 10:07:42'),
(340, 10, '1,8', 2, 0, 'xnjxkx', '2017-09-27 10:10:18');

-- --------------------------------------------------------

--
-- Table structure for table `ec_user`
--

CREATE TABLE `ec_user` (
  `user_id` int(11) NOT NULL,
  `user_name` varchar(50) DEFAULT NULL,
  `mobile` varchar(50) DEFAULT NULL,
  `email` varchar(50) DEFAULT NULL,
  `verification_code` varchar(30) DEFAULT NULL,
  `registration_token` varchar(500) DEFAULT NULL,
  `updated_at` timestamp NULL DEFAULT NULL ON UPDATE CURRENT_TIMESTAMP,
  `created_at` timestamp NULL DEFAULT CURRENT_TIMESTAMP,
  `photo` varchar(50) DEFAULT 'user-icon.png',
  `status` varchar(30) DEFAULT NULL,
  `qr_code` varchar(50) DEFAULT NULL,
  `qr_image` varchar(50) DEFAULT NULL,
  `is_blocked` tinyint(4) DEFAULT '0' COMMENT '1-Blocked, 0-Unblocked',
  `is_active` tinyint(4) DEFAULT '0' COMMENT '1-Verified, 0-Unverified'
) ENGINE=InnoDB DEFAULT CHARSET=latin1;

--
-- Dumping data for table `ec_user`
--

INSERT INTO `ec_user` (`user_id`, `user_name`, `mobile`, `email`, `verification_code`, `registration_token`, `updated_at`, `created_at`, `photo`, `status`, `qr_code`, `qr_image`, `is_blocked`, `is_active`) VALUES
(2, 'thanks', '+608109814399', 'vijyashalinee28@gmail.com', 'e2312e', 'czxFud5m4ts:APA91bGpqSGVPGvW8mPQz0DW4FrGSC6JgCUCMAzcQdVN8QQCEP16AdCraaR_LoQnHWwI54ITq-8weWOBuHKoLrsNoemlY7s6VO08lVo8EvAzypuVvxTE0m9CEsnDCituvM2g7OSzhudU', '2017-10-04 07:05:51', '2017-10-03 10:05:36', '2_a120c8cbfc78ccd837304508f65c7c63.jpg', 'Available', 'vRQXahU8mpof35dFGZDx', '0d201376939b8493b514a8a8e7afec19.png', 0, 1),
(8, NULL, '+607739763684', 'vijyashalinee27@gmail.com', 'd5f283', 'dcq54S8l8oc:APA91bHYoR0n41eEtUnIF2mkDDQdZS_ZhIdqBhKEl3JuYBlIDYvMYErm_YMRGPWkcquzWTo4e7-RGpqJON-OJThhzGjJJgWfEEpge61dVmecVIjewF0H3MUWSq-fxpWNxnDI2R2SdzVu', '2017-10-04 07:17:40', '2017-10-04 07:17:19', 'user-icon.png', NULL, 'x5byPJ0mcY1Nha3SAuqM', 'b36cf345dae4472fdf86377e735d93fb.png', 0, 1);

-- --------------------------------------------------------

--
-- Table structure for table `ec_user_contact`
--

CREATE TABLE `ec_user_contact` (
  `contact_id` int(11) NOT NULL,
  `user_id` bigint(20) DEFAULT NULL,
  `contact_type` varchar(25) DEFAULT NULL,
  `contact` bigint(20) DEFAULT NULL,
  `updated_at` timestamp NULL DEFAULT NULL ON UPDATE CURRENT_TIMESTAMP,
  `created_at` timestamp NOT NULL DEFAULT CURRENT_TIMESTAMP
) ENGINE=InnoDB DEFAULT CHARSET=latin1;

--
-- Dumping data for table `ec_user_contact`
--

INSERT INTO `ec_user_contact` (`contact_id`, `user_id`, `contact_type`, `contact`, `updated_at`, `created_at`) VALUES
(1, 2, NULL, 1, NULL, '2017-10-03 11:05:39'),
(2, 1, NULL, 2, NULL, '2017-10-03 11:05:39'),
(3, 1, NULL, 2, NULL, '2017-10-03 11:34:27'),
(4, 2, NULL, 1, NULL, '2017-10-03 11:34:27'),
(5, 2, NULL, 6, NULL, '2017-10-04 07:06:16'),
(6, 6, NULL, 2, NULL, '2017-10-04 07:06:16'),
(7, 2, NULL, 8, NULL, '2017-10-04 07:19:08'),
(8, 8, NULL, 2, NULL, '2017-10-04 07:19:08');

-- --------------------------------------------------------

--
-- Table structure for table `ec_user_invitation`
--

CREATE TABLE `ec_user_invitation` (
  `invitation_id` int(11) NOT NULL,
  `sender_id` bigint(20) NOT NULL,
  `receiver_id` bigint(20) NOT NULL,
  `status` varchar(25) DEFAULT NULL,
  `updated_at` timestamp NULL DEFAULT NULL ON UPDATE CURRENT_TIMESTAMP,
  `created_at` timestamp NOT NULL DEFAULT CURRENT_TIMESTAMP
) ENGINE=InnoDB DEFAULT CHARSET=latin1;

-- --------------------------------------------------------

--
-- Table structure for table `ec_user_message`
--

CREATE TABLE `ec_user_message` (
  `message_id` bigint(20) NOT NULL,
  `user_id` int(11) NOT NULL COMMENT 'ReceiverID',
  `sender_id` varchar(30) DEFAULT NULL COMMENT 'SenderID',
  `type` tinyint(4) DEFAULT '0' COMMENT '0-Text,1-Image,2-Video,3-Voice,4-Contact,5-Location',
  `message` varchar(200) DEFAULT NULL,
  `created_at` timestamp NULL DEFAULT NULL
) ENGINE=InnoDB DEFAULT CHARSET=latin1;

--
-- Dumping data for table `ec_user_message`
--

INSERT INTO `ec_user_message` (`message_id`, `user_id`, `sender_id`, `type`, `message`, `created_at`) VALUES
(1, 1, '2', 0, 'hii', '2017-09-11 09:50:37'),
(2, 2, '1', 0, 'hdhsjs', '2017-09-11 09:51:51'),
(3, 2, '1', 0, 'xhjx', '2017-09-11 09:52:47'),
(4, 2, '1', 0, 'bcjg', '2017-09-11 09:52:57'),
(5, 1, '2', 0, 'hii', '2017-09-11 09:54:57'),
(6, 1, '2', 0, 'bii', '2017-09-11 10:02:15'),
(7, 2, '1', 0, 'bchch', '2017-09-11 10:02:26'),
(8, 2, '1', 0, 'hello user ðŸ˜…', '2017-09-11 10:29:28'),
(9, 1, '2', 0, 'ðŸ˜‹ðŸ˜š', '2017-09-11 10:30:01'),
(10, 1, '2', 0, 'nxnxjðŸ˜’ðŸ˜œðŸ˜ŒðŸ˜œ', '2017-09-11 10:30:24'),
(11, 2, '1', 0, 'hello', '2017-09-11 10:30:58'),
(12, 2, '1', 0, 'fff', '2017-09-11 10:31:12'),
(13, 2, '1', 0, 'cnjc', '2017-09-12 01:55:11'),
(14, 1, '4', 0, 'Hello', '2017-09-12 02:45:11'),
(15, 4, '1', 0, 'hi', '2017-09-12 02:45:22'),
(16, 4, '2', 0, 'hi', '2017-09-12 02:46:01'),
(17, 2, '4', 0, 'Hello', '2017-09-12 02:46:15'),
(18, 4, '3', 0, 'Hi bro ', '2017-09-12 02:52:12'),
(19, 4, '3', 0, 'Can see me? ', '2017-09-12 02:52:16'),
(20, 3, '4', 0, 'Hello ', '2017-09-12 02:52:21'),
(21, 3, '4', 0, 'Yes bro', '2017-09-12 02:52:25'),
(22, 4, '3', 0, 'Bro the 2 tick won\'t change colour ', '2017-09-12 02:52:37'),
(23, 4, '3', 3, '6c19d400a97246855a1bcf98e8ed9808.mp3', '2017-09-12 02:52:47'),
(24, 3, '4', 0, 'Yes bro I can change ', '2017-09-12 02:52:54'),
(25, 4, '3', 4, '1449|Maxx Saxx Global Century|http://erachat.condoassist2u.com/api/uploads/message/contact/6f2f6e1b0228393e1f14d94fc60856bb.jpg', '2017-09-12 02:53:15'),
(26, 4, '2', 3, 'f393afe2566e86aaead73a1625faa24d.mp3', '2017-09-12 02:53:36'),
(27, 2, '4', 3, '5498e2221f1e8172a1bf32c600cc184d.mp3', '2017-09-12 02:54:31'),
(28, 4, '3', 1, '1161d2d373df36fa9196c4a2c8175697.jpg', '2017-09-12 02:54:48'),
(29, 4, '3', 0, 'ðŸ˜‚ðŸ˜‚ðŸ˜‚', '2017-09-12 02:55:07'),
(30, 4, '3', 0, 'ðŸ˜…ðŸ˜…ðŸ˜…', '2017-09-12 02:55:10'),
(31, 4, '3', 0, 'ðŸ˜ŽðŸ˜ŽðŸ˜Ž', '2017-09-12 02:55:13'),
(32, 4, '3', 0, 'ðŸ˜œðŸ˜œðŸ˜œ', '2017-09-12 02:55:17'),
(33, 4, '3', 0, 'ðŸ˜”ðŸ˜”ðŸ˜”', '2017-09-12 02:55:21'),
(34, 4, '3', 0, 'ðŸ¤—ðŸ¤—ðŸ¤—', '2017-09-12 02:55:23'),
(35, 4, '1', 0, 'xgdgdydyd', '2017-09-12 03:23:18'),
(36, 1, '2', 1, 'f5e4810e91948da8365d9703f1f19623.jpg', '2017-09-12 03:25:38'),
(37, 2, '1', 0, 'xnjx', '2017-09-12 05:13:55'),
(38, 2, '1', 1, 'e986c3d5f8c86ee2fcbd0949a7172d28.jpg', '2017-09-12 05:14:16'),
(39, 1, '2', 0, ' bjc', '2017-09-12 05:15:31'),
(40, 1, '2', 0, 'ðŸ˜›ðŸ™ƒðŸ¤‘ðŸ˜œðŸ˜ŒðŸ˜', '2017-09-12 06:13:36'),
(41, 2, '1', 0, 'xjxj', '2017-09-12 07:46:59'),
(42, 4, '3', 0, 'ðŸ˜ŽðŸ˜ŽðŸ˜Ž', '2017-09-12 11:44:27'),
(43, 4, '3', 0, 'ðŸ˜œðŸ˜œðŸ˜œ', '2017-09-12 11:44:31'),
(44, 4, '3', 0, 'ðŸ˜ðŸ˜ðŸ˜', '2017-09-12 11:44:34'),
(45, 4, '3', 4, '1449|Maxx Saxx Global Century|http://erachat.condoassist2u.com/api/uploads/message/contact/723e9c4949be03c0398529bbd2af2fdd.jpg', '2017-09-12 11:44:39'),
(46, 4, '3', 4, '2297|Tito Web Programmer|http://erachat.condoassist2u.com/api/uploads/message/contact/d1d1d08224630c66edb21c2c2c451a86.jpg', '2017-09-12 11:44:45'),
(47, 4, '3', 3, '7e0d018048587a11ed5c9e11c8674031.mp3', '2017-09-12 11:45:02'),
(48, 4, '3', 3, '8ac119d53622726eb845915a2c428b26.mp3', '2017-09-12 11:45:08'),
(49, 4, '3', 0, 'ðŸ‘ðŸ‘ðŸ‘', '2017-09-12 11:45:37'),
(50, 4, '3', 1, 'eca00ca0842fab8290fbe54fce7e4077.jpg', '2017-09-12 11:46:05'),
(51, 4, '3', 1, 'b21c285fb6ff29f0d14b27d5728fe7b3.jpg', '2017-09-12 11:56:06'),
(52, 1, '2', 0, 'cbjcixic', '2017-09-13 02:22:22'),
(53, 1, '2', 0, 'uxidi', '2017-09-13 02:22:33'),
(54, 2, '1', 0, 'h', '2017-09-13 02:23:00'),
(55, 2, '1', 0, 'vghh', '2017-09-13 02:23:42'),
(56, 2, '1', 0, 'nxjz', '2017-09-13 03:25:23'),
(57, 4, '3', 0, 'Hi bro ', '2017-09-13 03:32:11'),
(58, 4, '3', 0, 'Can see me? ', '2017-09-13 03:32:15'),
(59, 4, '3', 3, 'ce6cda8bf46cd9285cf2a59642d8efdb.mp3', '2017-09-13 03:32:40'),
(60, 4, '3', 3, '0b5920057e9186c92ed5111194e4e304.mp3', '2017-09-13 03:32:47'),
(61, 4, '3', 4, '2847|Nicholas Web Admin|http://erachat.condoassist2u.com/api/uploads/message/contact/4a926f77452323b2af49c8b707d52be2.jpg', '2017-09-13 03:32:54'),
(62, 4, '3', 4, '1449|Maxx Saxx Global Century|http://erachat.condoassist2u.com/api/uploads/message/contact/c2e526933c3d0c6ebd79eea337393856.jpg', '2017-09-13 03:33:01'),
(63, 4, '3', 0, 'ðŸ˜€ðŸ˜€ðŸ˜€', '2017-09-13 03:33:07'),
(64, 4, '3', 0, 'ðŸ˜ŽðŸ˜ŽðŸ˜Ž', '2017-09-13 03:33:11'),
(65, 4, '3', 1, '2dd39a92782a45545a227b7964c860ae.jpg', '2017-09-13 03:33:59'),
(66, 3, '4', 0, 'Hi', '2017-09-13 03:37:06'),
(67, 3, '4', 0, 'U there ', '2017-09-13 03:37:10'),
(68, 3, '4', 0, 'Kumar here ', '2017-09-13 03:37:17'),
(69, 4, '3', 0, 'Can send me voice note? ', '2017-09-13 03:48:39'),
(70, 4, '3', 0, 'Emoticons also ', '2017-09-13 03:48:42'),
(71, 4, '3', 4, '2297|Tito Web Programmer|http://erachat.condoassist2u.com/api/uploads/message/contact/dfb157f402b1e965d59ffa60329c1fc8.jpg', '2017-09-13 03:48:56'),
(72, 3, '4', 3, '6ea7d949baf0bc07bf533951ce0da97f.mp3', '2017-09-13 03:49:19'),
(73, 3, '4', 0, 'Got? ', '2017-09-13 03:49:40'),
(74, 3, '4', 0, 'ðŸ˜€ðŸ˜€ðŸ˜€ðŸ˜€', '2017-09-13 03:49:45'),
(75, 1, '2', 4, '371|Adarsh|http://erachat.condoassist2u.com/api/uploads/message/contact/4b7a07e7e43003996026e661b58ac9d4.jpg', '2017-09-13 03:52:00'),
(76, 2, '1', 1, '5165e4795d876f75ec59d6ae0c52c8f1.jpg', '2017-09-13 03:55:10'),
(77, 2, '1', 4, '6|Ritesh|http://erachat.condoassist2u.com/api/uploads/message/contact/f473d2f958d7d1cf719ee211ad008f71.jpg', '2017-09-13 04:04:43'),
(78, 2, '1', 4, '5|Testuser|http://erachat.condoassist2u.com/api/uploads/message/contact/d9688653c592eb84c615e6a26d7e1301.jpg', '2017-09-13 04:07:59'),
(79, 1, '2', 0, 'hii', '2017-09-13 04:16:46'),
(80, 1, '2', 4, '371|Adarsh|http://erachat.condoassist2u.com/api/uploads/message/contact/da95884c93801a0f377413e621100caf.jpg', '2017-09-13 04:21:16'),
(81, 2, '1', 4, '6|Ritesh|http://erachat.condoassist2u.com/api/uploads/message/contact/546affddaf482fe9543951ac6ec83ce2.jpg', '2017-09-13 04:27:19'),
(82, 2, '1', 4, '8|607739763684|http://erachat.condoassist2u.com/api/uploads/message/contact/67be80838efcc3a12f8c4bac0128f13c.jpg', '2017-09-13 04:27:45'),
(83, 2, '1', 4, '9|Uttam Sir|http://erachat.condoassist2u.com/api/uploads/message/contact/92820bb31f2a6b93ef18f4f9d939088f.jpg', '2017-09-13 04:28:25'),
(84, 1, '2', 4, '46|916279043625|http://erachat.condoassist2u.com/api/uploads/message/contact/2ec60c6f60736baee9ad1070d09267c9.jpg', '2017-09-13 04:30:33'),
(85, 2, '1', 4, '9|Uttam Sir|http://erachat.condoassist2u.com/api/uploads/message/contact/f0878ae6adcfe781163e7612d85a4363.jpg', '2017-09-13 04:32:00'),
(86, 2, '1', 4, '7|Vijya|http://erachat.condoassist2u.com/api/uploads/message/contact/aecbb9d2befa37c31aec8dc31fd7ad01.jpg', '2017-09-13 04:33:01'),
(87, 2, '1', 0, 'fghjj', '2017-09-13 04:47:46'),
(88, 2, '1', 0, 'gHh', '2017-09-13 04:55:37'),
(89, 2, '1', 4, '15878|09199073846|http://erachat.condoassist2u.com/api/uploads/message/contact/9530d8bf55e6e4ba2def528e8ae00b49.jpg', '2017-09-13 04:55:53'),
(90, 1, '2', 4, '281|Aditya Cons|http://erachat.condoassist2u.com/api/uploads/message/contact/7868ff8b6b7e780c5e097a49359483d3.jpg', '2017-09-13 04:56:28'),
(91, 2, '1', 4, '881|+91 82258 02933|http://erachat.condoassist2u.com/api/uploads/message/contact/2042018552bb54ebffa85ce43c6df5df.jpg', '2017-09-13 05:10:12'),
(92, 2, '1', 4, '17753|09199073846|http://erachat.condoassist2u.com/api/uploads/message/contact/b353b8a9280d3b7b14bdfbd32b8c1940.jpg', '2017-09-13 06:38:09'),
(93, 1, '2', 4, '371|Adarsh|http://erachat.condoassist2u.com/api/uploads/message/contact/5721afa3223334e7eea812a97df512ca.jpg', '2017-09-13 06:38:24'),
(94, 2, '1', 0, 'xbhx', '2017-09-13 07:56:12'),
(95, 2, '1', 4, '3|UIDAI|http://erachat.condoassist2u.com/api/uploads/message/contact/b1b9f17b6bb199328b23d7b66f8bfdea.jpg', '2017-09-13 08:07:05'),
(96, 1, '2', 0, 'xnjxjx', '2017-09-13 08:08:29'),
(97, 2, '1', 0, 'jzjxj', '2017-09-13 08:30:01'),
(98, 2, '1', 0, 'gdydftdtd', '2017-09-13 08:30:09'),
(99, 2, '1', 0, 'xgxchc', '2017-09-13 08:30:14'),
(100, 2, '1', 0, 'hcu', '2017-09-13 08:30:30'),
(101, 2, '1', 0, 'jvuf', '2017-09-13 08:30:36'),
(102, 2, '1', 4, '3|UIDAI|http://erachat.condoassist2u.com/api/uploads/message/contact/49a07de9be4e378599be02f92a29c659.jpg', '2017-09-13 08:31:16'),
(103, 2, '1', 4, '5|Testuser|http://erachat.condoassist2u.com/api/uploads/message/contact/d00b279df04c1734856a78fad1db9ec3.jpg', '2017-09-13 09:00:56'),
(104, 1, '2', 0, 'kxxk', '2017-09-13 09:41:37'),
(105, 1, '2', 0, 'jxixjx', '2017-09-13 09:51:29'),
(106, 1, '2', 0, 'djjxjxic', '2017-09-13 10:09:54'),
(107, 1, '2', 0, 'nxjxjxoxkx', '2017-09-13 10:27:10'),
(108, 2, '1', 0, 'vjgihououo', '2017-09-13 10:27:36'),
(109, 1, '2', 4, '255|Brinder Uncle|http://erachat.condoassist2u.com/api/uploads/message/contact/39949f8bebc51bdc186567e05ba52971.jpg', '2017-09-13 10:31:12'),
(110, 1, '2', 1, '790eb7cc35b1fdda35ddbbec58bb6ac4.jpg', '2017-09-14 01:57:30'),
(111, 2, '1', 3, '554536a6b549a87fa2d280ad5c71eb9d.mp3', '2017-09-14 07:25:44'),
(112, 2, '1', 3, '2a2381a5f22794d575f8c422348139be.mp3', '2017-09-14 07:25:46'),
(113, 2, '1', 3, '2f689dd8687c54d4092a70706dd74415.mp3', '2017-09-14 07:25:49'),
(114, 2, '1', 3, 'a561b1bd15cb65a578aaee1f2db279a3.mp3', '2017-09-14 07:26:14'),
(115, 2, '1', 3, '8d5c23321795467e88915817ca028b19.mp3', '2017-09-14 07:26:21'),
(116, 1, '2', 0, 'ðŸ˜‘', '2017-09-14 07:26:47'),
(117, 1, '2', 0, 'ðŸ™‚', '2017-09-14 07:31:46'),
(118, 1, '2', 0, 'xbjxjzisi', '2017-09-15 06:43:36'),
(119, 1, '2', 0, 'xjjxjzjxi', '2017-09-15 06:43:41'),
(120, 1, '2', 4, '371|Adarsh|http://erachat.condoassist2u.com/api/uploads/message/contact/056449d18013f12cc2d4583ccec56bb1.jpg', '2017-09-15 06:44:12'),
(121, 1, '2', 3, '2ac6f2e4f1049b4df6590f0150338777.mp3', '2017-09-15 06:44:45'),
(122, 1, '2', 3, 'ddf5e7c8a242c00268f33d64569af84a.mp3', '2017-09-15 06:44:48'),
(123, 1, '2', 3, '90ca21d59925269156a4d723b385525a.mp3', '2017-09-15 06:44:51'),
(124, 1, '2', 3, '70133da1f7d2048abfd50307e4e87d0f.mp3', '2017-09-15 06:45:11'),
(125, 1, '2', 3, '744c8eef95d62849bc443ba8b8c701ee.mp3', '2017-09-15 06:45:38'),
(126, 1, '2', 0, 'bxhzj', '2017-09-16 02:15:55'),
(127, 1, '2', 0, 'bxkxid', '2017-09-16 03:27:55'),
(128, 1, '2', 5, '25.6021582,85.1602708', '2017-09-16 04:29:44'),
(129, 1, '2', 5, '25.6021582,85.1602708', '2017-09-16 04:29:55'),
(130, 1, '2', 5, '25.6021582,85.1602708', '2017-09-16 04:30:03'),
(131, 2, '1', 5, '25.6021708,85.1603011', '2017-09-16 04:51:28'),
(132, 2, '3', 5, '27.8809,80.8978998', '2017-09-16 05:17:51'),
(133, 1, '2', 5, '25.6021701,85.1602809', '2017-09-16 05:21:53'),
(134, 2, '1', 0, 'xnjxjx', '2017-09-16 05:23:23'),
(135, 2, '1', 5, '25.6021582,85.1602708', '2017-09-16 05:23:48'),
(136, 2, '1', 5, '25.6021094,85.1601897', '2017-09-16 06:18:15'),
(137, 2, '1', 5, '25.6021513,85.1602627', '2017-09-16 06:21:58'),
(138, 2, '1', 5, '25.6021513,85.1602627', '2017-09-16 06:22:06'),
(139, 1, '2', 0, 'vdnc. dk', '2017-09-16 06:34:28'),
(140, 1, '2', 5, '25.6021701,85.1602809', '2017-09-16 06:36:49'),
(141, 1, '2', 5, '25.6021701,85.1602809', '2017-09-16 06:51:09'),
(142, 1, '2', 4, '371|Adarsh|http://erachat.condoassist2u.com/api/uploads/message/contact/691338532662ed7e2d04f79fdfa20550.jpg', '2017-09-16 06:54:19'),
(143, 1, '2', 0, 'cnncjcikdndid', '2017-09-16 06:54:38'),
(144, 1, '2', 0, 'nc9djdienud', '2017-09-16 06:54:40'),
(145, 1, '2', 0, 'jxkwnus', '2017-09-16 06:54:42'),
(146, 2, '1', 0, ' gxyfh', '2017-09-16 07:12:49'),
(147, 1, '2', 5, '25.6021582,85.1602708', '2017-09-16 07:33:54'),
(148, 2, '1', 3, '055f6af080150cb69fdda58937b8d8fe.mp3', '2017-09-16 09:26:24'),
(149, 2, '1', 3, 'c83e611f8c1222d41241aca5248b6ce6.mp3', '2017-09-16 09:26:26'),
(150, 2, '1', 3, '3d6b3a9a54e1956d94c7825a4ad20935.mp3', '2017-09-16 09:26:45'),
(151, 1, '2', 3, '15c0e5c996f95e174ae74323c90dd3a6.mp3', '2017-09-16 09:29:31'),
(152, 1, '2', 0, 'jfjfo', '2017-09-16 09:30:09'),
(153, 2, '1', 0, 'kya madam aap bhi', '2017-09-16 09:30:25'),
(154, 2, '1', 0, 'ðŸ˜œðŸ˜œ', '2017-09-16 09:30:39'),
(155, 1, '2', 0, 'ðŸ˜¡', '2017-09-16 09:30:47'),
(156, 1, '2', 0, 'ðŸ˜±ðŸ˜±ðŸ˜±ðŸ˜±', '2017-09-16 09:30:51'),
(157, 2, '1', 0, 'ðŸ¤“', '2017-09-16 09:30:54'),
(158, 1, '2', 0, 'fjidjdjdjx', '2017-09-16 09:31:03'),
(159, 1, '2', 0, 'cnjcjfbjfjfkf', '2017-09-16 09:31:05'),
(160, 2, '1', 0, 'ðŸ˜®ðŸ˜®ðŸ˜®', '2017-09-16 09:31:13'),
(161, 1, '2', 0, 'cbcjnd', '2017-09-16 09:31:19'),
(162, 2, '1', 0, 'ðŸ‘„', '2017-09-16 09:31:21'),
(163, 1, '2', 0, 'ðŸ˜¡ðŸ˜’ðŸ˜›ðŸ˜›ðŸ˜›', '2017-09-16 09:31:27'),
(164, 2, '1', 0, 'ðŸ‘¯', '2017-09-16 09:31:28'),
(165, 1, '2', 0, 'ðŸ…ðŸŒ¶ðŸ—ðŸ¤ðŸŒ®ðŸ†ðŸ§€ðŸ†ðŸ§€', '2017-09-16 09:31:39'),
(166, 2, '1', 0, 'ðŸ‘™', '2017-09-16 09:31:47'),
(167, 2, '1', 0, 'ðŸ’…', '2017-09-16 09:32:32'),
(168, 2, '1', 0, 'ðŸ‘ ', '2017-09-16 09:32:41'),
(169, 2, '1', 0, 'ðŸ‘›', '2017-09-16 09:32:46'),
(170, 1, '2', 0, 'ðŸ„', '2017-09-16 09:32:50'),
(171, 2, '1', 0, 'ðŸ’„ðŸ‘˜', '2017-09-16 09:32:58'),
(172, 1, '2', 0, 'ðŸŽ·ðŸŽ»ðŸŽ·ðŸŽ¸ðŸŽ¸ðŸŽ·', '2017-09-16 09:33:02'),
(173, 1, '2', 0, 'ðŸ‰âš¾ðŸ‰ðŸˆðŸ‰ðŸðŸ¸', '2017-09-16 09:33:27'),
(174, 1, '2', 0, 'chjxjxkx', '2017-09-18 02:00:29'),
(175, 1, '2', 1, '4a3aa94cddf4b0f650b8b794e1c99a3f.jpg', '2017-09-18 02:05:11'),
(176, 1, '2', 1, 'a03c3938e6ebc8c978a270c027ad68ac.jpg', '2017-09-18 02:08:27'),
(177, 1, '2', 1, 'e2bc5261db9ad868359195e0c71a686c.jpg', '2017-09-18 02:47:26'),
(178, 2, '1', 0, 'chcjcj', '2017-09-18 03:18:49'),
(179, 2, '1', 0, 'hchfufuf', '2017-09-18 03:19:05'),
(180, 2, '1', 0, 'hchfufuf', '2017-09-18 03:19:07'),
(181, 1, '2', 4, '389|Adarsh|http://erachat.condoassist2u.com/api/uploads/message/contact/1af40fbfc0697d91694e738f5400f6d7.jpg', '2017-09-18 03:19:28'),
(182, 1, '2', 0, 'cbcjxhjdjd', '2017-09-18 03:19:53'),
(183, 1, '2', 1, 'c423c3ddeedacd830137a57bea311b2f.jpg', '2017-09-18 03:20:07'),
(184, 1, '2', 1, '1f67f7c5360690ff06d634a71b447433.jpg', '2017-09-18 03:21:24'),
(185, 1, '2', 5, '25.6021694,85.1602606', '2017-09-18 03:22:40'),
(186, 1, '2', 1, '9e5b926d935c93800ea2a48f69a0a2a2.jpg', '2017-09-18 03:27:36'),
(187, 1, '2', 1, 'cbbb2db150889eeea814b84761ddb8f9.jpg', '2017-09-18 03:28:14'),
(188, 1, '2', 0, 'gfkjd', '2017-09-18 03:28:35'),
(189, 1, '2', 1, '84d05545e12b3e430d6acff2612a5b38.jpg', '2017-09-18 03:29:12'),
(190, 1, '2', 0, 'xbhxjx', '2017-09-18 03:29:49'),
(191, 1, '2', 1, '9e66dcef8672b864abaf46f044f3ad7d.jpg', '2017-09-18 03:32:39'),
(192, 1, '2', 1, '164bee5dd1dfcc56562dc04bdc12a5a2.jpg', '2017-09-18 03:33:42'),
(193, 1, '2', 1, 'f92580195aad8fcad60bbe949f84d611.jpg', '2017-09-18 03:34:24'),
(194, 1, '2', 1, '7d3e98e1cada872db29fb2a4cbc4f711.jpg', '2017-09-18 03:53:00'),
(195, 1, '2', 1, 'fdee2e8c137324459c08f8ee90156087.jpg', '2017-09-18 03:53:56'),
(196, 1, '2', 1, '116c126eb11db7cdf23f72091d22c4d1.jpg', '2017-09-18 03:54:30'),
(197, 1, '2', 1, '838e3cfa5d9d0120ccf88d22eba6298f.jpg', '2017-09-18 03:55:08'),
(198, 1, '2', 1, '7d8d46c434efc60fb173b95c881cd533.jpg', '2017-09-18 04:01:06'),
(199, 1, '2', 0, 'xhcufu', '2017-09-18 04:01:22'),
(200, 2, '1', 0, ' njx', '2017-09-18 04:01:39'),
(201, 1, '2', 0, 'fzhfufyd', '2017-09-18 04:01:50'),
(202, 2, '1', 0, 'nckx', '2017-09-18 04:02:50'),
(203, 1, '2', 0, 'yfy', '2017-09-18 04:03:05'),
(204, 1, '2', 1, '11606fd67d38cfafe8180930d754f87e.jpg', '2017-09-18 04:03:14'),
(205, 1, '2', 0, 'djdjid', '2017-09-18 04:57:01'),
(206, 1, '2', 0, 'viichicji', '2017-09-18 04:57:13'),
(207, 1, '2', 0, 'ggg7fifig', '2017-09-18 04:57:21'),
(208, 2, '1', 0, 'fhfufuf', '2017-09-18 04:57:44'),
(209, 2, '1', 1, 'fa701aced7f1aee6eef39b157b0e9c1a.jpg', '2017-09-18 04:57:59'),
(210, 1, '2', 1, '68606817c15b88f0a42dc9d737804cc8.jpg', '2017-09-18 04:59:28'),
(211, 1, '2', 1, '82bcada1ed8dbf16fabad095901cb259.jpg', '2017-09-18 05:04:35'),
(212, 2, '1', 4, '6|Ritesh|http://erachat.condoassist2u.com/api/uploads/message/contact/2cfae29c5a0b6c95538291cdbb84f3e4.jpg', '2017-09-18 05:06:36'),
(213, 1, '2', 4, '389|Adarsh|http://erachat.condoassist2u.com/api/uploads/message/contact/6174cfd48f1a2c3aeabb8e77249fa655.jpg', '2017-09-18 05:07:44'),
(214, 1, '2', 1, '64d2da2898aa401e7d819f90f41d2527.jpg', '2017-09-18 05:07:59'),
(215, 1, '2', 1, '931d5ec4a81c0286554078751e7d77ce.jpg', '2017-09-18 06:05:41'),
(216, 2, '1', 0, 'jcjci', '2017-09-18 06:17:10'),
(217, 1, '2', 5, '25.6021701,85.1602809', '2017-09-18 06:17:40'),
(218, 1, '2', 5, '25.6021701,85.1602809', '2017-09-18 06:18:14'),
(219, 2, '1', 5, '0.0,0.0', '2017-09-18 06:21:28'),
(220, 2, '1', 5, '0.0,0.0', '2017-09-18 06:25:42'),
(221, 2, '1', 0, 'chffufuf', '2017-09-18 06:25:52'),
(222, 2, '1', 5, '0.0,0.0', '2017-09-18 06:26:08'),
(223, 1, '2', 0, 'hello', '2017-09-18 06:44:31'),
(224, 1, '2', 0, 'xjjxkd', '2017-09-18 06:44:52'),
(225, 1, '2', 4, '389|Adarsh|http://erachat.condoassist2u.com/api/uploads/message/contact/341b58d0863be24a12a3e52e7aad135f.jpg', '2017-09-18 06:45:08'),
(226, 1, '2', 1, '1267ad8a17f0279854f4610502ed6b3c.jpg', '2017-09-18 06:45:26'),
(227, 1, '2', 5, '25.6021701,85.1602809', '2017-09-18 06:45:54'),
(228, 2, '1', 5, '25.6021701,85.1602809', '2017-09-18 06:47:33'),
(229, 2, '1', 0, 'CB xvxhdhfydydg', '2017-09-18 07:01:03'),
(230, 2, '1', 5, '25.6021701,85.1602809', '2017-09-18 07:01:20'),
(231, 1, '2', 5, '25.6021701,85.1602809', '2017-09-18 07:01:41'),
(232, 1, '2', 1, 'd489c2bc617841d651f00d9838a3aad7.jpg', '2017-09-18 07:06:50'),
(233, 1, '2', 0, 'cjid', '2017-09-18 07:24:24'),
(234, 1, '2', 1, 'c37d922d3dd8a00c9f31354d9958989d.jpg', '2017-09-18 07:24:32'),
(235, 1, '2', 1, '06daa06e176692a705c1e6107ff4b895.jpg', '2017-09-18 07:29:35'),
(236, 1, '2', 0, 'xnjxj', '2017-09-18 07:29:43'),
(237, 1, '2', 0, 'jfjfjf', '2017-09-18 07:29:47'),
(238, 1, '2', 0, 'nfifncuci', '2017-09-18 07:29:50'),
(239, 1, '2', 0, 'fnmrbdidnd', '2017-09-18 07:29:54'),
(240, 2, '1', 4, '8|Testuser|http://erachat.condoassist2u.com/api/uploads/message/contact/d7d823dba169d24f28cf7bc088adf046.jpg', '2017-09-18 07:30:15'),
(241, 2, '1', 0, 'jzjzj', '2017-09-18 07:30:29'),
(242, 2, '1', 0, 'bxbxjz', '2017-09-18 07:30:31'),
(243, 2, '1', 0, 'bx', '2017-09-18 07:30:34'),
(244, 2, '1', 1, '112a59f739eeb8a1945e0b4f91742a8e.jpg', '2017-09-18 07:30:45'),
(245, 2, '1', 0, 'xbjxjdjdj', '2017-09-18 07:34:45'),
(246, 2, '1', 0, 'cjjcjcjcj', '2017-09-18 07:34:52'),
(247, 2, '1', 0, 'ncncncnc', '2017-09-18 07:35:07'),
(248, 2, '1', 0, 'bcjxjc', '2017-09-18 07:44:59'),
(249, 2, '1', 0, 'xnnxjx', '2017-09-18 07:45:33'),
(250, 2, '1', 0, ' djjxjx', '2017-09-18 07:45:45'),
(251, 2, '1', 0, 'hii', '2017-09-18 07:46:02'),
(252, 2, '1', 0, 'hello', '2017-09-18 07:46:11'),
(253, 2, '1', 0, 'bcjxjc I am going', '2017-09-18 07:48:45'),
(254, 1, '2', 0, 'nxjxjx', '2017-09-18 07:59:55'),
(255, 1, '2', 0, 'zjxjm', '2017-09-18 08:00:09'),
(256, 1, '2', 0, 'jxjxjx', '2017-09-18 08:04:44'),
(257, 1, '2', 0, ' mxkx', '2017-09-18 08:06:16'),
(258, 1, '2', 0, '9', '2017-09-18 08:24:11'),
(259, 1, '2', 0, 'jcjxj', '2017-09-18 08:26:11'),
(260, 1, '2', 0, 'cncnc', '2017-09-18 08:27:49'),
(261, 1, '2', 5, '25.6021213,85.1601999', '2017-09-18 08:38:33'),
(262, 1, '2', 5, '25.6025317,85.161174', '2017-09-18 08:45:04'),
(263, 1, '2', 0, 'cnjcjfkf', '2017-09-18 09:02:35'),
(264, 1, '2', 0, 'nficickf', '2017-09-18 09:02:48'),
(265, 1, '2', 3, 'bf5e4d6f13ec3960f285ad6cadf2a9d3.mp3', '2017-09-18 09:06:52'),
(266, 1, '2', 0, 'cncmc', '2017-09-18 09:17:48'),
(267, 1, '2', 0, 'cnmckc', '2017-09-18 09:17:56'),
(268, 1, '2', 0, 'vjjvvk', '2017-09-18 09:21:32'),
(269, 1, '2', 0, 'jfkf', '2017-09-18 09:25:23'),
(270, 1, '2', 0, 'xmmxmxmc', '2017-09-18 10:00:39'),
(271, 1, '2', 0, 'jkc', '2017-09-18 10:04:05'),
(272, 2, '1', 0, 'hu', '2017-09-18 10:08:20'),
(273, 1, '2', 0, 'ncncnc', '2017-09-18 10:11:28'),
(274, 1, '2', 0, 'xnjxod', '2017-09-18 10:11:31'),
(275, 1, '2', 0, 'cjjcjc', '2017-09-18 10:14:04'),
(276, 1, '2', 0, 'xnxjjx', '2017-09-18 10:15:39'),
(277, 1, '2', 0, 'c mxnx', '2017-09-18 10:15:48'),
(278, 1, '2', 0, ' mxmx', '2017-09-18 10:15:54'),
(279, 1, '2', 0, 'cyfu', '2017-09-18 10:16:37'),
(280, 1, '2', 0, 'vubo', '2017-09-18 10:16:39'),
(281, 1, '2', 0, '\nðŸ˜ŒðŸ˜š', '2017-09-18 10:16:45'),
(282, 1, '2', 1, '1f76ed673973d39aeb561fcfbc7f7c39.jpg', '2017-09-18 10:19:25'),
(283, 1, '2', 0, 'n ncn', '2017-09-18 10:19:32'),
(284, 1, '2', 0, 'jcjxjx', '2017-09-18 10:26:27'),
(285, 1, '2', 0, ' xvcb', '2017-09-18 10:26:51'),
(286, 1, '2', 0, 'bdbgbgbng', '2017-09-18 10:26:58'),
(287, 1, '2', 0, 'cjifkd', '2017-09-18 10:27:56'),
(288, 1, '2', 3, '7c0b500e6db5d061607ca36834845e23.mp3', '2017-09-19 02:21:53'),
(289, 1, '2', 0, 'xnjxjxx', '2017-09-19 02:42:51'),
(290, 1, '2', 0, 'cjjcjc', '2017-09-19 03:01:14'),
(291, 1, '2', 0, 'vnkvkv', '2017-09-19 03:11:01'),
(292, 1, '2', 0, 'vvgh', '2017-09-19 03:11:51'),
(293, 1, '2', 0, 'ncnxmx', '2017-09-19 03:19:28'),
(294, 1, '2', 0, 'vth', '2017-09-19 03:28:24'),
(295, 1, '2', 0, 'fjjf', '2017-09-19 03:28:41'),
(296, 1, '2', 0, 'ififkfktkf', '2017-09-19 03:28:55'),
(297, 1, '2', 0, ' mcmmc', '2017-09-19 03:30:51'),
(298, 1, '2', 0, 'kckcjf', '2017-09-19 03:31:01'),
(299, 1, '2', 0, ' mmx', '2017-09-19 03:31:15'),
(300, 1, '2', 0, 'cnkckf', '2017-09-19 03:33:40'),
(301, 1, '2', 0, 'vmmv', '2017-09-19 03:33:46'),
(302, 1, '2', 0, 'ffif', '2017-09-19 03:45:01'),
(303, 1, '2', 0, 'fiifjrnrkt', '2017-09-19 03:45:08'),
(304, 1, '2', 0, 'uritit', '2017-09-19 03:45:16'),
(305, 1, '2', 0, 'ncnc', '2017-09-19 03:46:56'),
(306, 1, '2', 0, 'kckckc', '2017-09-19 03:47:01'),
(307, 1, '2', 0, 'ncjcjc', '2017-09-19 03:49:34'),
(308, 1, '2', 0, 'ncjx', '2017-09-19 03:52:30'),
(309, 1, '2', 0, 'xjxjjx', '2017-09-19 03:54:34'),
(310, 1, '2', 0, 'ckxmxk', '2017-09-19 03:54:40'),
(311, 1, '2', 0, 'nfjdkd xjckdkd', '2017-09-19 03:54:52'),
(312, 1, '2', 0, 'hello how are u', '2017-09-19 03:55:15'),
(313, 1, '2', 0, 'hii', '2017-09-19 03:55:30'),
(314, 1, '2', 0, 'hii', '2017-09-19 03:57:21'),
(315, 1, '2', 1, '32c883120f38a4bb531d86b781df191e.jpg', '2017-09-19 03:57:39'),
(316, 1, '2', 3, 'c3a04d1860ccecd8a77faac33ea37bb7.mp3', '2017-09-19 03:57:47'),
(317, 1, '2', 0, 'idndjd', '2017-09-19 03:58:01'),
(318, 1, '2', 0, 'xnmxmx', '2017-09-19 03:58:06'),
(319, 1, '2', 0, 'nxnxjdmxuxi', '2017-09-19 04:00:52'),
(320, 1, '2', 0, 'jdjdi', '2017-09-19 04:04:46'),
(321, 1, '2', 0, 'nxjxkc', '2017-09-19 04:04:50'),
(322, 1, '2', 0, 'hcncnnfdncicjc', '2017-09-19 04:04:56'),
(323, 1, '2', 0, 'bccjfjcjfjfnnf', '2017-09-19 04:05:08'),
(324, 1, '2', 0, 'bdidndn', '2017-09-19 04:05:14'),
(325, 1, '2', 0, 'ncndkdk', '2017-09-19 04:05:29'),
(326, 1, '2', 0, 'icifif', '2017-09-19 04:14:03'),
(327, 1, '2', 0, 'cnmckc', '2017-09-19 04:21:28'),
(328, 1, '2', 0, 'ncnc', '2017-09-19 04:22:58'),
(329, 1, '2', 0, 'ncncnc', '2017-09-19 04:25:14'),
(330, 1, '2', 0, 'Vbgym', '2017-09-19 04:25:39'),
(331, 1, '2', 0, 'jdsbxndhxodnxodmd', '2017-09-19 04:30:41'),
(332, 1, '2', 0, 'jidndixxmjx', '2017-09-19 04:30:50'),
(333, 1, '2', 0, 'nxjxnx', '2017-09-19 04:33:26'),
(334, 1, '2', 0, 'mxkxnxikd', '2017-09-19 04:33:34'),
(335, 1, '2', 0, 'ndjdjdnnd', '2017-09-19 04:34:00'),
(336, 1, '2', 0, 'ncjcjf', '2017-09-19 04:38:16'),
(337, 2, '1', 0, 'jfkfkfkf', '2017-09-19 04:39:00'),
(338, 2, '1', 0, 'helo', '2017-09-19 04:47:18'),
(339, 2, '1', 0, 'dgxfhchc', '2017-09-19 04:47:36'),
(340, 2, '1', 0, 'gxhfufhxgxgvgfyu', '2017-09-19 04:47:52'),
(341, 2, '1', 0, 'jfjcjc', '2017-09-19 04:51:29'),
(342, 1, '2', 0, 'ffzfbydy', '2017-09-19 04:51:38'),
(343, 1, '2', 0, 'azcDdbbgzk', '2017-09-19 04:51:49'),
(344, 1, '2', 0, 'BbzDRRhfhh', '2017-09-19 04:51:57'),
(345, 1, '2', 0, 'vubihub', '2017-09-19 04:52:09'),
(346, 1, '2', 0, 'ddgx', '2017-09-19 04:52:20'),
(347, 2, '1', 0, 'jfjfjfj', '2017-09-19 04:52:26'),
(348, 2, '1', 0, 'nxjdjnxjxj', '2017-09-19 04:52:33'),
(349, 2, '1', 0, ' xnxkxjx', '2017-09-19 04:52:49'),
(350, 2, '1', 0, 'hello', '2017-09-19 04:53:00'),
(351, 2, '1', 0, 'hii', '2017-09-19 04:53:13'),
(352, 1, '2', 0, 'hello', '2017-09-19 04:53:32'),
(353, 1, '2', 0, 'hii', '2017-09-19 04:53:42'),
(354, 1, '2', 0, 'hello', '2017-09-19 04:53:51'),
(355, 1, '2', 0, 'heidid', '2017-09-19 04:54:19'),
(356, 1, '2', 0, 'hddb', '2017-09-19 04:54:37'),
(357, 1, '2', 0, 'hii', '2017-09-19 04:55:03'),
(358, 1, '2', 0, 'idhdhdhxhfhf', '2017-09-19 04:55:10'),
(359, 1, '2', 0, 'vujvg', '2017-09-19 04:55:20'),
(360, 1, '2', 0, 'hdudbdudbhðŸ˜›ðŸ˜œðŸ˜ŒðŸ˜šðŸ˜’', '2017-09-19 04:55:44'),
(361, 2, '1', 0, 'hvhvhvj', '2017-09-19 04:56:01'),
(362, 2, '1', 0, 'chvjvjbjbivuvhj', '2017-09-19 04:56:08'),
(363, 2, '1', 0, 'hvugihuvhvuhihjbi', '2017-09-19 04:56:13'),
(364, 2, '1', 0, 'guvubihih', '2017-09-19 04:56:22'),
(365, 2, '1', 0, 'jvjvjvjvuvuvubi', '2017-09-19 04:56:30'),
(366, 2, '1', 0, 'hvjvjjbjbjb', '2017-09-19 04:56:37'),
(367, 1, '2', 0, 'nxjxndm', '2017-09-19 05:15:26'),
(368, 1, '2', 0, 'cnjfidmd', '2017-09-19 05:16:15'),
(369, 1, '2', 0, 'jxjxjxkx', '2017-09-19 05:28:02'),
(370, 1, '2', 0, 'ndjxjjk', '2017-09-19 05:28:20'),
(371, 1, '2', 0, 'xjidjdjcnfnfmf', '2017-09-19 05:31:51'),
(372, 1, '2', 1, 'b141c722c28d22c905e37a9ec6b535b0.jpg', '2017-09-19 06:04:25'),
(373, 1, '2', 0, 'nfjfkdmd', '2017-09-19 06:39:27'),
(374, 1, '2', 0, 'jcjdnfnf', '2017-09-19 08:16:56'),
(375, 1, '2', 0, 'cnjfifbdkdkdkd', '2017-09-19 08:17:05'),
(376, 1, '2', 0, 'xnndjdjdjd', '2017-09-19 08:17:26'),
(377, 1, '2', 0, 'hdjdjdjdhxjc', '2017-09-19 08:17:35'),
(378, 1, '2', 0, 'fjkffjifig', '2017-09-19 08:18:04'),
(379, 2, '1', 0, 'hcjfif', '2017-09-19 09:08:21'),
(380, 2, '1', 0, 'jcjcjfjfnnfjfjv', '2017-09-19 09:08:29'),
(381, 2, '1', 0, 'fhjcuhdidhbcjcjcjc', '2017-09-19 09:08:37'),
(382, 2, '1', 1, '14d5fbd242714e969cea829c6f46d67e.jpg', '2017-09-19 09:09:05'),
(383, 2, '1', 5, '25.6021701,85.1602809', '2017-09-19 09:14:29'),
(384, 2, '1', 5, '25.6021701,85.1602809', '2017-09-19 09:14:44'),
(385, 2, '1', 0, 'jzjzjjz', '2017-09-19 09:20:52'),
(386, 2, '1', 0, 'xhhxhhxxjjx', '2017-09-19 09:21:01'),
(387, 2, '1', 0, 'thanks', '2017-09-19 09:21:08'),
(388, 2, '1', 0, 'jxjsjs', '2017-09-19 09:34:13'),
(389, 2, '1', 0, 'shshxxbjxjx', '2017-09-19 09:34:18'),
(390, 1, '2', 0, 'djididjdjjdjd', '2017-09-19 09:40:34'),
(391, 1, '2', 0, 'hxhick', '2017-09-19 09:41:02'),
(392, 1, '2', 0, 'nxjdjdjx', '2017-09-19 09:43:05'),
(393, 1, '2', 0, 'gvugugu', '2017-09-19 09:48:27'),
(394, 2, '1', 0, 'bxjxjxjd', '2017-09-19 09:55:10'),
(395, 2, '1', 0, 'jcjcjcjfjc', '2017-09-19 09:59:14'),
(396, 2, '1', 0, 'xnjxkx', '2017-09-19 09:59:20'),
(397, 2, '1', 0, 'hello', '2017-09-19 09:59:57'),
(398, 1, '2', 3, '88820185bb8dacc5a4f8c489de077645.mp3', '2017-09-19 10:04:55'),
(399, 1, '2', 3, '4f428250c599e2150d24f4a93c6b4644.mp3', '2017-09-19 10:05:06'),
(400, 1, '2', 5, '25.6021701,85.1602809', '2017-09-19 10:06:10'),
(401, 1, '2', 1, '1bcebfa4885fe94119b887152cf03e59.jpg', '2017-09-19 10:06:48'),
(402, 1, '2', 1, '7af9a1236870082f60b70adb9258c9dd.jpg', '2017-09-19 10:08:25'),
(403, 1, '2', 1, '87715fa258ab0eda8645261819667777.jpg', '2017-09-19 10:09:32'),
(404, 2, '1', 1, '69ddfb901926924d5510838a0fb34903.jpg', '2017-09-19 10:11:28'),
(405, 2, '1', 0, 'hshzisjsjdj', '2017-09-19 10:13:59'),
(406, 1, '2', 0, 'hello', '2017-09-19 10:18:23'),
(407, 1, '2', 0, 'cnjdjd', '2017-09-19 10:18:40'),
(408, 1, '2', 0, 'xndjdkkd', '2017-09-19 10:23:57'),
(409, 1, '2', 0, 'jxjdid', '2017-09-19 10:30:44'),
(410, 1, '2', 0, 'bxjdjks', '2017-09-20 04:51:41'),
(411, 1, '2', 0, 'sindndkxbxnxnjxkdkx', '2017-09-20 04:51:44'),
(412, 1, '2', 0, 'xjixnxjxksnsks', '2017-09-20 04:51:47'),
(413, 1, '2', 1, '9a024489c0fd6ff4da9ef0f75725500d.jpg', '2017-09-20 04:52:08'),
(414, 1, '2', 0, ' mmxmzms', '2017-09-20 04:52:16'),
(415, 1, '2', 0, 'mxkxkzmsmms', '2017-09-20 04:52:24'),
(416, 1, '2', 0, 'znnzmzmz', '2017-09-20 04:52:33'),
(417, 1, '2', 0, 'zjjxjz', '2017-09-20 04:52:35'),
(418, 1, '2', 0, 'nzjzns zjzj', '2017-09-20 04:55:18'),
(419, 1, '2', 0, 'kzjznzkzmz', '2017-09-20 04:55:23'),
(420, 1, '2', 0, 'zinzjzkz', '2017-09-20 04:55:32'),
(421, 1, '2', 0, 'izizknakz', '2017-09-20 04:55:37'),
(422, 1, '2', 0, 'hzjzjzjzjzjz', '2017-09-20 04:55:44'),
(423, 1, '2', 0, 'nznznz', '2017-09-20 04:55:51'),
(424, 1, '2', 0, 'znznjz', '2017-09-20 04:55:57'),
(425, 1, '2', 0, 'jzjzjzkzkz', '2017-09-20 04:56:01'),
(426, 1, '2', 0, 'bxndjxjxjxj', '2017-09-20 05:01:12'),
(427, 1, '2', 0, 'jxjxjxbbx', '2017-09-20 05:01:15'),
(428, 1, '2', 0, 'xhx', '2017-09-20 05:01:26'),
(429, 1, '2', 0, 'bxnxnxnx', '2017-09-20 05:03:37'),
(430, 1, '2', 0, 'xmxmxmxmx', '2017-09-20 05:03:45'),
(431, 1, '2', 0, 'bxnzjz', '2017-09-20 05:09:40'),
(432, 1, '2', 0, 'xjxjxjx', '2017-09-20 05:11:33'),
(433, 1, '2', 0, 'xnjxjxkx', '2017-09-20 05:11:40'),
(434, 1, '2', 0, 'xnxnnxnx', '2017-09-20 05:11:48'),
(435, 1, '2', 0, 'jxjxjxjx', '2017-09-20 05:20:03'),
(436, 1, '2', 0, 'jxjxjcjxjx', '2017-09-20 05:20:06'),
(437, 1, '2', 0, 'cjixkxjxjxjb kxjx', '2017-09-20 05:20:26'),
(438, 1, '2', 0, 'tthjkk', '2017-09-20 05:20:37'),
(439, 1, '2', 5, '25.6021582,85.1602708', '2017-09-20 05:23:41'),
(440, 1, '2', 1, 'adeafcfaf2d6a60a3c9e2ef3885248a6.jpg', '2017-09-20 06:10:43'),
(441, 1, '2', 1, '361e67a32ea9ffc1564ec75c98ff4f74.jpg', '2017-09-20 06:21:59'),
(442, 2, '1', 1, '4603feff96dd084f5cf08d7f4a92fdbb.jpg', '2017-09-20 06:27:43'),
(443, 2, '1', 0, 'xgchfhfuf', '2017-09-20 06:30:24'),
(444, 2, '1', 0, 'gdgdyd', '2017-09-20 06:30:48'),
(445, 2, '1', 0, 'hffufuf', '2017-09-20 06:30:58'),
(446, 2, '1', 0, 'vgdgdhdhd', '2017-09-20 06:31:11'),
(447, 2, '1', 1, 'e04ba0d7733683ddb0cc4ea21715ad23.jpg', '2017-09-20 06:31:27'),
(448, 2, '1', 1, '20aae1653f70db3bc1c9ae9340607cc7.jpg', '2017-09-20 06:32:43'),
(449, 2, '1', 1, '69d4f7708b1c02b5c8001b8fee94b05d.jpg', '2017-09-20 06:37:36'),
(450, 2, '1', 3, '4e993234ba34a26ec189e1d5476dacc3.mp3', '2017-09-20 06:38:58'),
(451, 2, '1', 0, 'ðŸ˜œ', '2017-09-20 06:40:07'),
(452, 1, '2', 3, 'a3387061605d4f211ce9128156ee7420.mp3', '2017-09-20 06:43:45'),
(453, 1, '2', 3, 'bf607528b8aa4e586896b3b261485dd4.mp3', '2017-09-20 06:44:02'),
(454, 2, '1', 5, '25.6021701,85.1602809', '2017-09-20 06:44:10'),
(455, 2, '1', 5, '25.6021701,85.1602809', '2017-09-20 06:44:14'),
(456, 2, '1', 5, '25.6021701,85.1602809', '2017-09-20 06:44:16'),
(457, 2, '1', 5, '25.6021701,85.1602809', '2017-09-20 06:44:17'),
(458, 2, '1', 5, '25.6021701,85.1602809', '2017-09-20 06:44:18'),
(459, 2, '1', 5, '25.6021701,85.1602809', '2017-09-20 06:44:19'),
(460, 2, '1', 5, '25.6021701,85.1602809', '2017-09-20 06:44:20'),
(461, 2, '1', 5, '25.6021701,85.1602809', '2017-09-20 06:44:21'),
(462, 2, '1', 5, '25.6021701,85.1602809', '2017-09-20 06:44:22'),
(463, 2, '1', 5, '25.6021701,85.1602809', '2017-09-20 06:44:23'),
(464, 2, '1', 5, '25.6021701,85.1602809', '2017-09-20 06:44:24'),
(465, 2, '1', 5, '25.6021701,85.1602809', '2017-09-20 06:44:25'),
(466, 2, '1', 5, '25.6021701,85.1602809', '2017-09-20 06:44:25'),
(467, 2, '1', 5, '25.6021701,85.1602809', '2017-09-20 06:44:26'),
(468, 2, '1', 0, 'bxhxhxjx', '2017-09-20 07:25:19'),
(469, 2, '1', 0, 'cbjcjcjjc', '2017-09-20 07:25:32'),
(470, 2, '1', 0, 'xhjxhxj', '2017-09-20 07:26:06'),
(471, 2, '1', 0, 'hxjxjxjxjxjx hi jxj', '2017-09-20 07:26:09'),
(472, 2, '1', 4, '4|112|http://erachat.condoassist2u.com/api/uploads/message/contact/a6b753ad7ee02386e69205358c38f8b9.jpg', '2017-09-20 07:28:01'),
(473, 2, '1', 4, '10|1800-300-1947|http://erachat.condoassist2u.com/api/uploads/message/contact/66371a438624cfc4803c8c55f958b506.jpg', '2017-09-20 07:28:37'),
(474, 1, '2', 4, '389|Adarsh|http://erachat.condoassist2u.com/api/uploads/message/contact/3fd666b508921068e9807cad58530926.jpg', '2017-09-20 07:43:01'),
(475, 1, '2', 4, '281|Aditya Cons|http://erachat.condoassist2u.com/api/uploads/message/contact/e2d8b450ce214ba03d3f7b48194dda54.jpg', '2017-09-20 07:44:14'),
(476, 1, '2', 4, '389|Adarsh|http://erachat.condoassist2u.com/api/uploads/message/contact/17ead3dc8b231dcf423794cc7e06af73.jpg', '2017-09-20 07:55:56'),
(477, 1, '2', 0, 'bxjxixixjxi', '2017-09-20 07:56:20'),
(478, 1, '2', 1, 'aad76cca6e31df4c9b37c8d0a2bf0297.jpg', '2017-09-20 07:56:57'),
(479, 1, '2', 0, 'bzjzjzuz', '2017-09-20 07:57:41'),
(480, 1, '2', 1, '2f5823e523492e1bf041c04de7c5a90b.jpg', '2017-09-20 07:58:02'),
(481, 1, '2', 0, 'duidkd', '2017-09-20 07:58:30'),
(482, 1, '2', 1, '0629a11995fe33b2bb966ebd0fb8d0b0.jpg', '2017-09-20 08:02:14'),
(483, 1, '2', 1, 'a175324e5a0026e83e4df9ace3f2e023.jpg', '2017-09-20 08:03:58'),
(484, 1, '2', 4, '389|Adarsh|http://erachat.condoassist2u.com/api/uploads/message/contact/df24d07f3e5701c1dfcde58f7ce77803.jpg', '2017-09-20 08:04:13'),
(485, 1, '2', 4, '281|Aditya Cons|http://erachat.condoassist2u.com/api/uploads/message/contact/d8cc4eee2268d9fd98c374e9dcb7501c.jpg', '2017-09-20 08:04:35'),
(486, 1, '2', 5, '25.6021701,85.1602809', '2017-09-20 08:05:55'),
(487, 1, '2', 4, '424|+91 93046 68107|http://erachat.condoassist2u.com/api/uploads/message/contact/57cf0f86817e381b31ca9bca8f2245c6.jpg', '2017-09-20 08:07:51'),
(488, 1, '2', 5, '25.6021701,85.1602809', '2017-09-20 08:08:06'),
(489, 1, '2', 0, 'fjjdjd', '2017-09-20 08:08:26'),
(490, 1, '2', 0, 'ydidbdjd', '2017-09-20 08:08:36'),
(491, 1, '2', 1, '17fb98d7029ab57d325aaa859d3897dc.jpg', '2017-09-20 08:08:48'),
(492, 1, '2', 5, '25.6021701,85.1602809', '2017-09-20 08:09:13'),
(493, 1, '2', 0, 'xjixisiso', '2017-09-20 08:09:36'),
(494, 1, '2', 5, '25.6021701,85.1602809', '2017-09-20 08:09:48'),
(495, 1, '2', 4, '389|Adarsh|http://erachat.condoassist2u.com/api/uploads/message/contact/539ab16cf1b92fe0d860200c717a3caf.jpg', '2017-09-20 08:09:59'),
(496, 1, '2', 1, 'ba2c59700f971617c9292683d573908e.jpg', '2017-09-20 08:10:15'),
(497, 1, '2', 0, 'jxjxid', '2017-09-20 08:10:35'),
(498, 1, '2', 5, '25.6021701,85.1602809', '2017-09-20 08:11:14'),
(499, 1, '2', 1, '06f2136f974617c5561ebbcd5186b573.jpg', '2017-09-20 08:11:34'),
(500, 1, '2', 0, 'bfiidi', '2017-09-20 10:17:47'),
(501, 1, '2', 0, 'udi', '2017-09-20 10:17:49'),
(502, 1, '2', 0, 'ucujddfjnc', '2017-09-20 10:17:54'),
(503, 1, '2', 0, 'hxudixhdjix', '2017-09-20 10:20:01'),
(504, 1, '2', 3, '8f4937e674284c7fbc6ea277a5fd490f.mp3', '2017-09-21 04:25:19'),
(505, 1, '2', 0, 'nxnznxnxnznksnsn', '2017-09-21 04:35:25'),
(506, 1, '2', 0, 'ufinfifj', '2017-09-21 04:55:15'),
(507, 1, '2', 0, 'jfifnfjcjfj', '2017-09-21 04:55:17'),
(508, 1, '2', 0, 'jfifnfjjfjf', '2017-09-21 04:55:19'),
(509, 1, '2', 0, 'jfifjfifnfj', '2017-09-21 04:55:21'),
(510, 1, '2', 0, 'ðŸ˜›ðŸ˜¶ðŸ˜›ðŸ˜¶', '2017-09-21 05:23:25'),
(511, 1, '2', 0, 'ðŸ¤“', '2017-09-21 05:31:36'),
(512, 1, '2', 0, 'xhnxbxjdi', '2017-09-21 06:08:46'),
(513, 1, '2', 0, 'hii', '2017-09-21 06:10:27'),
(514, 1, '2', 0, 'ncjcjdjd', '2017-09-21 06:10:48'),
(515, 1, '2', 0, 'hello', '2017-09-21 06:10:57'),
(516, 1, '2', 0, 'hii', '2017-09-21 06:11:03'),
(517, 1, '2', 0, 'bfjdidk', '2017-09-21 06:13:02'),
(518, 1, '2', 0, 'xujdjdkdjdofi', '2017-09-21 06:13:06'),
(519, 1, '2', 0, '8', '2017-09-21 06:18:42'),
(520, 1, '2', 0, '7', '2017-09-21 06:18:44'),
(521, 1, '2', 0, 'djjdjzj', '2017-09-21 06:23:47'),
(522, 1, '2', 0, ' cgdgzevarvadgFh', '2017-09-21 07:43:56'),
(523, 1, '2', 0, 'fjjfj', '2017-09-21 07:44:04'),
(524, 1, '2', 0, 'fkkfj', '2017-09-21 07:44:09'),
(525, 1, '2', 0, 'cjjdndjj', '2017-09-21 07:44:16'),
(526, 1, '2', 0, '8', '2017-09-21 07:46:50'),
(527, 1, '2', 0, '6', '2017-09-21 07:50:41'),
(528, 1, '2', 0, 'hello', '2017-09-21 08:01:32'),
(529, 1, '2', 1, 'd9942218ffc6a254fec63fa48a76c79b.jpg', '2017-09-21 08:24:02'),
(530, 1, '2', 0, 'fjidjfjc', '2017-09-21 09:45:49'),
(531, 1, '2', 0, 'hii', '2017-09-21 09:45:55'),
(532, 1, '2', 0, 'how are u', '2017-09-21 09:45:59'),
(533, 1, '2', 3, '11646fa8511aa3dee019104b3e01dd5d.mp3', '2017-09-22 06:32:00'),
(534, 1, '2', 0, 'nxjziz', '2017-09-25 02:54:58'),
(535, 1, '2', 0, 'hii', '2017-09-25 03:41:36'),
(536, 1, '2', 0, 'hello', '2017-09-25 03:41:38'),
(537, 1, '2', 0, 'how are u', '2017-09-25 03:41:44'),
(538, 1, '2', 0, 'i am fine', '2017-09-25 03:41:51'),
(539, 1, '2', 0, 'xhdhhdu', '2017-09-25 03:42:04'),
(540, 1, '2', 0, 'bxkdbdbdh', '2017-09-25 03:42:05'),
(541, 1, '2', 0, 'hxbxgxubxbx', '2017-09-25 03:42:07'),
(542, 1, '2', 0, 'uffuhfbwiyd', '2017-09-25 03:43:10'),
(543, 1, '2', 0, 'fujdhdjdbhx', '2017-09-25 03:43:31'),
(544, 1, '2', 0, 'bzjzjnzjz', '2017-09-25 04:02:51'),
(545, 1, '2', 0, 'jxixbxixjjx', '2017-09-25 04:02:57'),
(546, 1, '2', 0, 'xnjxjzjxjz', '2017-09-25 04:03:02'),
(547, 1, '2', 0, 'xjjxxnjxjxjx', '2017-09-25 04:03:11'),
(548, 1, '2', 0, 'xjixnxjxjx', '2017-09-25 04:03:19'),
(549, 1, '2', 0, 'hsixndjzjxjxbx', '2017-09-25 04:03:24'),
(550, 1, '2', 0, 'djxjxnjxj', '2017-09-25 04:03:32'),
(551, 1, '2', 0, 'xnxinxjx', '2017-09-25 04:03:35'),
(552, 1, '2', 0, 'xbbkxbxixj', '2017-09-25 04:03:36'),
(553, 1, '2', 0, 'bxxjnx', '2017-09-25 04:03:38'),
(554, 1, '2', 0, 'bello', '2017-09-25 04:04:15'),
(555, 1, '2', 0, 'hello', '2017-09-25 04:04:18'),
(556, 1, '2', 0, 'ho', '2017-09-25 04:04:21'),
(557, 1, '2', 1, 'b909596553b3c48c43f33fa042644a73.jpg', '2017-09-25 04:08:22'),
(558, 1, '2', 1, '835267393899202a4d12e4f24c1c7209.jpg', '2017-09-25 04:08:39'),
(559, 1, '2', 0, 'djdjf', '2017-09-25 04:08:52'),
(560, 1, '2', 0, 'hcjj', '2017-09-25 04:08:53'),
(561, 1, '2', 0, 'xhixnc', '2017-09-25 04:08:54'),
(562, 1, '2', 0, 'xhixnxj', '2017-09-25 04:08:56'),
(563, 1, '2', 0, 'jxjxbdnxi', '2017-09-25 04:08:59'),
(564, 1, '2', 0, 'xhixnxjxj', '2017-09-25 04:09:01'),
(565, 1, '2', 1, '3174b691c4409b0c056e169384ee4d30.jpg', '2017-09-25 04:09:13'),
(566, 1, '2', 1, 'f2fcad16ce70e3852f32621deb5d0bd1.jpg', '2017-09-25 04:09:34'),
(567, 1, '2', 0, 'jfifjf', '2017-09-25 04:10:00'),
(568, 1, '2', 0, 'nfidndjd', '2017-09-25 04:10:02'),
(569, 1, '2', 0, 'jfjfnfn', '2017-09-25 04:10:04'),
(570, 1, '2', 1, 'ae4a0e7aed1728c8081b35367f9f7b69.jpg', '2017-09-25 04:11:35'),
(571, 1, '2', 0, 'cnjxkxkx', '2017-09-25 05:02:21'),
(572, 1, '2', 0, 'xnoxnxixnx', '2017-09-25 05:02:22'),
(573, 1, '2', 0, 'jxnxh ixnxjix', '2017-09-25 05:02:25'),
(574, 1, '2', 0, 'jxixbxjxj', '2017-09-25 05:02:27'),
(575, 1, '2', 0, 'jxjxbxhx', '2017-09-25 05:02:30'),
(576, 1, '2', 0, 'bxjdbxixn', '2017-09-25 05:02:32'),
(577, 1, '2', 0, 'ixkxjdidj', '2017-09-25 05:02:35'),
(578, 1, '2', 0, 'xhixnxjx', '2017-09-25 05:02:40'),
(579, 1, '2', 1, 'ead5b43156b2fd8b09560a5b61092c19.jpg', '2017-09-25 06:46:54'),
(580, 1, '2', 0, 'hxjxj nxuxnix', '2017-09-25 07:35:37'),
(581, 1, '2', 3, '490e5c55a0d4db7d159f94c1235e9eec.mp3', '2017-09-25 08:35:55'),
(582, 1, '2', 3, 'b1bd57f3051a239dc53b5422bfebe7d6.mp3', '2017-09-25 08:36:01'),
(583, 1, '2', 3, '95f3d56086b4ef7e0ff4b16823f02f21.mp3', '2017-09-25 08:36:09'),
(584, 1, '2', 3, '15ab403325598d24f8fb033742e29f5f.mp3', '2017-09-25 08:36:14'),
(585, 1, '2', 3, 'e8bb5fce1ddbddb50f77865c4aa7cd65.mp3', '2017-09-25 08:36:25'),
(586, 1, '2', 3, '606b9666e9c2c85b921ba0e1663f3a3c.mp3', '2017-09-25 08:36:52'),
(587, 1, '2', 3, 'a60bcd7b858417281b1e605d00618b29.mp3', '2017-09-25 08:37:35'),
(588, 1, '2', 0, 'dnjdjd', '2017-09-25 08:37:40'),
(589, 1, '2', 3, '8bb42e69ac69c289ac57c9736f9f4eae.mp3', '2017-09-25 08:37:41'),
(590, 1, '2', 1, '64494a9886d69a8fca80c44208547013.jpg', '2017-09-25 09:12:55'),
(591, 1, '2', 0, 'vffjo', '2017-09-25 09:20:17'),
(592, 2, '1', 0, 'xnjzjxjz', '2017-09-25 09:29:03'),
(593, 2, '1', 0, 'xnjjx', '2017-09-25 09:30:23'),
(594, 2, '1', 1, '037e40b907126b38ba6fe49455576146.jpg', '2017-09-25 09:52:47'),
(595, 1, '2', 3, 'e5fb44fcfe6dbee10f17431f274313c7.mp3', '2017-09-25 09:56:07'),
(596, 1, '2', 0, 'cjjjcjifiif', '2017-09-26 01:59:55'),
(597, 1, '2', 0, 'jvjvjcjgi', '2017-09-26 01:59:57'),
(598, 1, '2', 0, 'hello', '2017-09-26 02:00:06'),
(599, 1, '2', 0, 'cnnxnx', '2017-09-26 02:00:24'),
(600, 1, '2', 0, 'cjjd', '2017-09-26 02:00:40'),
(601, 1, '2', 0, 'nxjxjx', '2017-09-26 02:00:54'),
(602, 1, '2', 0, 'bfjfkf', '2017-09-26 02:36:46'),
(603, 2, '1', 1, '09d2928e9a3e01559065a6bda590c2ce.jpg', '2017-09-26 02:44:30'),
(604, 2, '1', 1, '196c31f3d356253c1f04197a90629de2.jpg', '2017-09-26 02:44:49'),
(605, 2, '1', 1, 'b847cd37b81801bff83b4632060b502e.jpg', '2017-09-26 02:44:53'),
(606, 1, '2', 0, 'hii', '2017-09-26 02:56:06'),
(607, 2, '1', 0, 'hello', '2017-09-26 02:56:23'),
(608, 2, '1', 1, '7ff510da18f759a76f5cbac8cb18f3cc.jpg', '2017-09-26 02:56:46'),
(609, 2, '1', 0, 'hii', '2017-09-26 03:01:01'),
(610, 2, '1', 0, 'hello', '2017-09-26 03:01:16'),
(611, 2, '1', 1, '259b47f5bdbbe5ed82dc9debb48f6361.jpg', '2017-09-26 03:01:39'),
(612, 2, '1', 5, '25.6021582,85.1602708', '2017-09-26 03:02:11'),
(613, 1, '2', 0, 'hji', '2017-09-26 03:02:38'),
(614, 2, '1', 4, '8|(957) 658-5245|http://erachat.condoassist2u.com/api/uploads/message/contact/88eaf8960fe63012f98eee194455b853.jpg', '2017-09-26 03:03:58'),
(615, 2, '1', 0, 'hii', '2017-09-26 03:16:26'),
(616, 1, '2', 0, 'jii', '2017-09-26 03:16:42'),
(617, 2, '1', 0, 'hello', '2017-09-26 03:16:54'),
(618, 2, '1', 1, 'd37699eec8da24a4341b75f258787c31.jpg', '2017-09-26 03:19:18'),
(619, 2, '1', 1, '123d9c9bd4b1b0673962115fd94bf6ba.jpg', '2017-09-26 03:20:19'),
(620, 2, '1', 0, 'fjfjkf', '2017-09-26 03:20:43'),
(621, 1, '2', 1, '4c8d29eea26dbaba684a4926e330248e.jpg', '2017-09-26 03:21:01'),
(622, 2, '1', 1, '903ca8164bfed532738ddf19468108e0.jpg', '2017-09-26 03:21:52'),
(623, 2, '1', 0, 'dbjdkd', '2017-09-26 03:23:12'),
(624, 2, '1', 0, 'dujd hi djfhf', '2017-09-26 03:23:17'),
(625, 2, '1', 0, 'fj if hfjbfid', '2017-09-26 03:23:22'),
(626, 2, '1', 0, 'fjifjfjf', '2017-09-26 03:23:27'),
(627, 2, '1', 0, 'fhifhfufi', '2017-09-26 03:23:31'),
(628, 2, '1', 0, 'cjkckdi', '2017-09-26 03:23:42'),
(629, 2, '1', 0, 'fjjfnfnf', '2017-09-26 03:23:46'),
(630, 1, '2', 0, 'jgjfjfi', '2017-09-26 03:45:25'),
(631, 1, '2', 0, 'hcjcjjcjcj', '2017-09-26 03:45:27'),
(632, 1, '2', 0, 'ctcyfyfy', '2017-09-26 03:45:48'),
(633, 2, '1', 0, 'cjicjcjcj', '2017-09-26 03:45:59'),
(634, 2, '1', 0, 'hfjcjcjcjjccj', '2017-09-26 03:46:12'),
(635, 2, '1', 0, 'hcicjcicjcjc', '2017-09-26 03:46:23'),
(636, 2, '1', 0, ' nxjjx', '2017-09-26 03:48:35'),
(637, 2, '1', 0, 'fjffjjdjd', '2017-09-26 03:48:53'),
(638, 2, '1', 0, 'chjc', '2017-09-26 03:49:19'),
(639, 1, '2', 0, 'fufufyfyf', '2017-09-26 03:52:30'),
(640, 1, '2', 0, 'jdjxjxjx', '2017-09-26 03:57:20'),
(641, 2, '1', 4, '6|(852) 726-5715|http://erachat.condoassist2u.com/api/uploads/message/contact/5ae35692726aff94f1acfb8fe96a7f25.jpg', '2017-09-26 04:03:46'),
(642, 1, '2', 0, 'xjjxjxkx', '2017-09-26 04:04:08'),
(643, 2, '1', 0, ' gxhchc', '2017-09-26 04:04:28'),
(644, 2, '1', 0, 'bcgcgcfy', '2017-09-26 04:04:54'),
(645, 2, '1', 0, 'cb gxgxgxgxgx', '2017-09-26 04:05:10'),
(646, 1, '2', 0, 'cjfjfkfif', '2017-09-26 04:05:17'),
(647, 2, '1', 0, 'hchxyx', '2017-09-26 04:05:25'),
(648, 2, '1', 0, 'bchchfd', '2017-09-26 04:07:19'),
(649, 1, '2', 0, 'djdjkd', '2017-09-26 04:07:45'),
(650, 2, '1', 0, 'dgfufyf', '2017-09-26 04:07:49'),
(651, 2, '1', 0, 'hello', '2017-09-26 04:18:31'),
(652, 2, '1', 0, 'vhcufufu', '2017-09-26 04:18:49'),
(653, 2, '1', 1, '93a386ea6b0389d386f91dfa15b04664.jpg', '2017-09-26 04:19:26'),
(654, 1, '2', 1, 'cdd1b4dc8cd21ac457dd2410a53a5bc2.jpg', '2017-09-26 04:27:08'),
(655, 2, '8', 0, 'hello', '2017-09-26 06:15:43'),
(656, 8, '2', 0, 'h dngnedg', '2017-09-26 06:15:56'),
(657, 8, '2', 0, 'hii', '2017-09-26 07:14:35'),
(658, 2, '8', 0, 'kddiid', '2017-09-26 07:15:34'),
(659, 2, '8', 5, '0.0,0.0', '2017-09-26 07:15:47'),
(660, 2, '8', 4, '247|+91 80102 98555|http://erachat.condoassist2u.com/api/uploads/message/contact/3b0fcc54f92b9aee4b4fe3a404c86f73.jpg', '2017-09-26 07:16:18'),
(661, 2, '8', 1, 'b34690b0b86af0a00797078108fbbb79.jpg', '2017-09-26 07:16:59'),
(662, 8, '2', 0, 'bxjxjx', '2017-09-26 08:04:58'),
(663, 8, '2', 0, 'hxxxjjxjx', '2017-09-26 08:05:02'),
(664, 8, '2', 0, 'xhj', '2017-09-26 08:05:06'),
(665, 8, '2', 0, 'xbjxjxjx', '2017-09-26 08:05:14'),
(666, 8, '2', 0, 'xhxhjxbbxjxjd', '2017-09-26 08:05:20'),
(667, 8, '2', 0, 'hello', '2017-09-26 08:20:16'),
(668, 2, '9', 0, 'hxhxhxhxu', '2017-09-26 09:14:00'),
(669, 9, '2', 0, 'fbf', '2017-09-26 09:14:14'),
(670, 9, '2', 0, 'njxkxkxk', '2017-09-26 09:15:09'),
(671, 2, '9', 0, 'jfidid', '2017-09-26 09:15:59'),
(672, 2, '9', 0, 'idkdnd', '2017-09-26 09:16:03'),
(673, 2, '9', 0, 'cnidndns', '2017-09-26 09:16:06'),
(674, 2, '9', 0, 'ndidndn', '2017-09-26 09:16:07'),
(675, 2, '9', 0, 'cnndnd', '2017-09-26 09:16:09'),
(676, 2, '9', 0, 'cnndnd', '2017-09-26 09:16:10'),
(677, 2, '9', 0, 'ndjdjdndjdk', '2017-09-26 09:16:11'),
(678, 2, '9', 0, 'xnnxndodnd', '2017-09-26 09:16:12'),
(679, 2, '9', 0, 'jxkdnxjd', '2017-09-26 09:16:14'),
(680, 2, '9', 0, 'jdodndjdj', '2017-09-26 09:16:16'),
(681, 2, '1', 0, 'hfhfjfj', '2017-09-26 09:24:13'),
(682, 9, '2', 0, 'jfjfi', '2017-09-26 09:24:32'),
(683, 2, '1', 0, 'vhhghj', '2017-09-26 09:24:41'),
(684, 1, '2', 0, 'jfjdud', '2017-09-26 09:24:59'),
(685, 1, '2', 0, 'fmjdkd', '2017-09-26 09:26:14'),
(686, 1, '2', 0, 'fjjfjfkf', '2017-09-26 09:26:39'),
(687, 9, '2', 0, 'jfjffi', '2017-09-26 09:26:53'),
(688, 1, '2', 0, 'jfifkfkr', '2017-09-26 09:27:10'),
(689, 9, '2', 0, 'gbmdm', '2017-09-26 09:27:35'),
(690, 9, '2', 0, 'dvnn', '2017-09-26 09:27:41'),
(691, 9, '2', 0, 'd', '2017-09-26 09:27:47'),
(692, 9, '2', 0, 'jjckckc', '2017-09-26 09:28:33'),
(693, 1, '2', 0, 'hello', '2017-09-26 09:28:46'),
(694, 2, '1', 0, 'hello', '2017-09-26 09:31:00'),
(695, 2, '1', 0, 'hi', '2017-09-26 09:33:49'),
(696, 2, '1', 0, 'xnndnd', '2017-09-26 09:33:54'),
(697, 2, '1', 0, 'dhjdjd', '2017-09-26 09:33:58'),
(698, 2, '1', 3, 'df029639a88c2fd5fa67e0c9d7873968.mp3', '2017-09-26 09:34:05'),
(699, 2, '1', 0, 'ðŸ˜‹ðŸ˜šðŸ˜‹ðŸ˜šðŸ˜‹ðŸ™‚ðŸ˜›ðŸ™‚', '2017-09-26 09:34:34'),
(700, 9, '2', 0, 'xjjxkzkzk', '2017-09-26 09:37:28'),
(701, 9, '2', 0, 'nddnjsjdjd', '2017-09-26 09:37:42'),
(702, 9, '2', 0, 'xnxjjxkzkz', '2017-09-26 09:37:51'),
(703, 9, '2', 0, 'zjxjjxkz', '2017-09-26 09:37:56'),
(704, 2, '1', 0, 'ryyryrutut', '2017-09-26 09:52:32'),
(705, 1, '2', 0, 'xnmmxmx', '2017-09-26 09:52:47'),
(706, 1, '2', 0, 'jjxnndmdkx', '2017-09-26 09:52:55'),
(707, 9, '2', 0, 'cnjckd', '2017-09-26 09:53:26'),
(708, 9, '2', 0, 'jcck', '2017-09-26 09:53:46'),
(709, 4, '1', 0, 'hello', '2017-09-26 09:59:21'),
(710, 1, '4', 0, 'Hi ', '2017-09-26 09:59:31'),
(711, 2, '1', 0, 'hell\n', '2017-09-26 10:01:54'),
(712, 1, '2', 0, 'nxnxmx', '2017-09-26 10:02:20'),
(713, 1, '2', 0, 'bii', '2017-09-26 10:06:50'),
(714, 2, '1', 0, 'hii', '2017-09-26 10:13:12'),
(715, 2, '1', 0, 'hello', '2017-09-26 10:13:31'),
(716, 2, '1', 0, 'hii', '2017-09-26 10:14:05'),
(717, 2, '1', 0, 'hii', '2017-09-26 10:14:27'),
(718, 2, '1', 0, 'hello', '2017-09-26 10:14:33'),
(719, 2, '1', 0, 'how ', '2017-09-26 10:14:43'),
(720, 2, '1', 0, 'vnjg', '2017-09-26 10:20:36'),
(721, 2, '1', 0, 'bcjcjc', '2017-09-26 10:20:39'),
(722, 4, '1', 0, 'bcjcjc', '2017-09-26 10:20:49'),
(723, 4, '1', 0, 'fhjfjcjc', '2017-09-26 10:20:53'),
(724, 4, '1', 0, 'f', '2017-09-26 10:20:56'),
(725, 4, '1', 0, 'fbjfjcjc', '2017-09-26 10:20:58'),
(726, 4, '1', 0, 'cbjckcjcj', '2017-09-26 10:21:01'),
(727, 4, '1', 0, 'chjcjc', '2017-09-26 10:21:03'),
(728, 1, '4', 0, 'Hi', '2017-09-26 10:21:17'),
(729, 1, '4', 0, 'Hello ', '2017-09-26 10:21:20'),
(730, 2, '1', 0, 'hdhdj', '2017-09-26 10:30:12'),
(731, 2, '1', 0, 'hx', '2017-09-26 10:30:16'),
(732, 2, '1', 0, 'hdjdjdjdjxjx', '2017-09-26 10:30:20'),
(733, 2, '1', 0, 'xh', '2017-09-26 10:30:23'),
(734, 2, '1', 0, 'xjjxjx', '2017-09-26 10:30:25'),
(735, 2, '1', 0, 'jxjdndndsj', '2017-09-26 10:30:32'),
(736, 2, '1', 0, 'hxjxnxn', '2017-09-26 10:30:35'),
(737, 2, '1', 0, 'hxndjdjdj', '2017-09-26 10:30:37'),
(738, 2, '1', 0, 'fhjfjf', '2017-09-26 10:32:42'),
(739, 2, '1', 0, 'cnjfjf', '2017-09-26 10:32:51'),
(740, 2, '1', 0, 'ddnjfjf', '2017-09-26 10:32:56'),
(741, 2, '1', 0, 'hii', '2017-09-26 10:33:25'),
(742, 2, '1', 0, 'hii', '2017-09-26 10:33:50'),
(743, 2, '1', 0, 'hello', '2017-09-26 10:33:56'),
(744, 2, '1', 0, 'how', '2017-09-26 10:34:03'),
(745, 1, '2', 0, 'hello', '2017-09-26 12:29:59'),
(746, 9, '2', 0, 'hello', '2017-09-27 02:39:12'),
(747, 8, '2', 0, 'hello', '2017-09-27 02:39:52'),
(748, 8, '2', 0, 'hii', '2017-09-27 02:40:00'),
(749, 8, '2', 0, 'how', '2017-09-27 02:40:06'),
(750, 9, '2', 0, 'bnx', '2017-09-27 03:12:15'),
(751, 9, '2', 0, 'hzjxjx', '2017-09-27 03:12:18'),
(752, 8, '2', 0, 'home ', '2017-09-27 03:24:39'),
(753, 8, '2', 0, 'i', '2017-09-27 03:26:40'),
(754, 8, '2', 0, 'xjxjx', '2017-09-27 03:26:54'),
(755, 8, '2', 0, 'bey', '2017-09-27 03:27:01'),
(756, 8, '2', 0, 'bii', '2017-09-27 03:27:06'),
(757, 9, '2', 0, 'xjx', '2017-09-27 03:28:40'),
(758, 9, '2', 0, 'xhxjkx', '2017-09-27 03:28:43'),
(759, 9, '2', 0, 'hii', '2017-09-27 03:28:51'),
(760, 8, '2', 0, 'yeee', '2017-09-27 03:31:27'),
(761, 1, '2', 0, 'bxhjx', '2017-09-27 03:46:44'),
(762, 1, '2', 0, 'hii', '2017-09-27 03:46:52'),
(763, 2, '8', 0, 'gufjgjfjfhff', '2017-09-27 05:07:36'),
(764, 8, '2', 0, 'nxjz', '2017-09-27 05:09:31'),
(765, 8, '2', 0, 'nxjxjx', '2017-09-27 05:20:58'),
(766, 8, '2', 0, 'jee', '2017-09-27 05:21:06'),
(767, 9, '2', 0, 'ccjjjd', '2017-09-27 05:32:35'),
(768, 9, '2', 0, 'nxjxjxjxjx', '2017-09-27 05:32:41'),
(769, 9, '2', 0, 'dnjdjdjdn', '2017-09-27 05:32:51'),
(770, 9, '2', 0, 'didnfhfkdj', '2017-09-27 05:32:54'),
(771, 9, '2', 0, 'xbhxjxux', '2017-09-27 05:33:02'),
(772, 1, '2', 0, 'xhjxjz', '2017-09-27 05:48:45'),
(773, 1, '2', 0, 'nxjdje', '2017-09-27 05:51:16'),
(774, 1, '2', 0, 'bxhxbxhz', '2017-09-27 05:51:29'),
(775, 1, '2', 0, 'hzhxh', '2017-09-27 05:51:30'),
(776, 8, '2', 0, 'zbnzjz', '2017-09-27 05:51:39'),
(777, 8, '2', 0, 'xhjxjzjz', '2017-09-27 05:57:05'),
(778, 8, '2', 0, 'bzhzjzjzjz', '2017-09-27 05:57:09'),
(779, 8, '2', 0, 'zhhzjzjzjz', '2017-09-27 05:57:13'),
(780, 8, '2', 0, 'xbjxjzjxj', '2017-09-27 05:57:19'),
(781, 8, '2', 0, 'jjzjzis', '2017-09-27 05:57:30'),
(782, 8, '2', 0, 'zjzjzjzi', '2017-09-27 05:57:33'),
(783, 8, '2', 0, 'bzhzhzjz', '2017-09-27 05:57:37'),
(784, 8, '2', 0, 'zhhzjjz', '2017-09-27 05:57:49'),
(785, 8, '2', 0, 'nxnzkzkz', '2017-09-27 05:58:05'),
(786, 8, '2', 0, 'nnxjzks', '2017-09-27 05:58:21'),
(787, 8, '2', 0, 'fmdkkd', '2017-09-27 05:58:50'),
(788, 8, '2', 0, 'jdjdkkd', '2017-09-27 05:59:00'),
(789, 8, '2', 0, 'xnjxkxi', '2017-09-27 05:59:07'),
(790, 8, '2', 0, 'kxkxjdkkd', '2017-09-27 05:59:14'),
(791, 8, '2', 0, 'jxkxjdkkdkdkdkd', '2017-09-27 05:59:20'),
(792, 8, '2', 0, 'bxjxjdjd', '2017-09-27 06:03:48'),
(793, 8, '2', 0, 'xnnxjxjxj', '2017-09-27 06:04:28'),
(794, 8, '2', 0, 'kxjxkd', '2017-09-27 06:04:40'),
(795, 8, '2', 0, 'n', '2017-09-27 06:04:45'),
(796, 8, '2', 0, 'jxxjjxjjxx', '2017-09-27 06:05:00'),
(797, 8, '2', 0, 'xjjxjsjs', '2017-09-27 06:19:32'),
(798, 8, '2', 0, 'jdjsjdjdjdj', '2017-09-27 06:19:37'),
(799, 8, '2', 0, 'xnjdj', '2017-09-27 06:19:47'),
(800, 8, '2', 0, 'nxjxjxkkdkd', '2017-09-27 06:19:51'),
(801, 8, '2', 0, 'jjxkxkxkd', '2017-09-27 06:20:01'),
(802, 8, '2', 0, 'jxjxjxjkx', '2017-09-27 06:20:05'),
(803, 8, '2', 0, 'xnjxj', '2017-09-27 06:20:16'),
(804, 9, '2', 0, 'jcjxjxkx', '2017-09-27 06:22:48'),
(805, 9, '2', 0, 'xjjxjxkxk', '2017-09-27 06:22:54'),
(806, 9, '2', 0, 'jxjxjxhxjjx', '2017-09-27 06:23:02'),
(807, 8, '2', 0, 'xnnxjxnx', '2017-09-27 06:30:08'),
(808, 8, '2', 0, 'bxxhjx', '2017-09-27 06:30:16'),
(809, 8, '2', 0, 'cmmxmdmxmx', '2017-09-27 06:30:25'),
(810, 8, '2', 0, 'nckkxkdkdk', '2017-09-27 06:30:31'),
(811, 1, '2', 0, 'bxnxjxjx', '2017-09-27 06:34:17'),
(812, 1, '2', 0, 'hxhxjxjjx', '2017-09-27 06:34:23'),
(813, 1, '2', 0, 'nxjxjxnx  kdkks', '2017-09-27 06:34:29'),
(814, 8, '2', 0, 'hcjcjckck', '2017-09-27 06:36:51'),
(815, 8, '2', 0, 'vjjckc', '2017-09-27 06:36:59'),
(816, 8, '2', 0, 'h8', '2017-09-27 06:41:15'),
(817, 8, '2', 0, 'ncnckc', '2017-09-27 06:41:16'),
(818, 8, '2', 0, 'ncncj', '2017-09-27 06:41:27');
INSERT INTO `ec_user_message` (`message_id`, `user_id`, `sender_id`, `type`, `message`, `created_at`) VALUES
(819, 2, '1', 0, 'dhjdjd', '2017-09-27 06:42:08'),
(820, 2, '1', 0, 'xvhxjxjxjx', '2017-09-27 06:42:18'),
(821, 2, '1', 0, 'hhh', '2017-09-27 06:42:24'),
(822, 9, '2', 0, 'cjjxjkx', '2017-09-27 06:48:39'),
(823, 9, '2', 0, 'hii', '2017-09-27 06:48:46'),
(824, 8, '2', 0, 'hii', '2017-09-27 06:50:39'),
(825, 8, '2', 0, 'hello', '2017-09-27 06:53:24'),
(826, 8, '2', 0, 'xjjxjxj', '2017-09-27 06:53:33'),
(827, 8, '2', 0, 'o', '2017-09-27 06:53:44'),
(828, 8, '2', 0, 'cnncjx', '2017-09-27 06:56:22'),
(829, 8, '2', 0, 'ncnxmx', '2017-09-27 06:59:11'),
(830, 8, '2', 0, 'ncjxoxixndj', '2017-09-27 06:59:17'),
(831, 8, '2', 0, 'xjjxjxjxndkxk', '2017-09-27 06:59:20'),
(832, 8, '2', 0, 'jxidndjxjxjx', '2017-09-27 06:59:23'),
(833, 8, '2', 0, 'jxidncjdjjd', '2017-09-27 06:59:26'),
(834, 2, '1', 0, 'gxfdyfy', '2017-09-27 07:05:57'),
(835, 1, '2', 0, 'xjjxj', '2017-09-27 07:07:09'),
(836, 1, '2', 0, 'nxjxjdjd', '2017-09-27 07:07:14'),
(837, 1, '2', 0, 'xjjxkdsm', '2017-09-27 07:07:26'),
(838, 2, '1', 0, 'hello', '2017-09-27 07:07:59'),
(839, 1, '2', 0, 'jfjd', '2017-09-27 07:08:40'),
(840, 1, '2', 0, 'bdnxjx', '2017-09-27 07:09:03'),
(841, 2, '1', 0, 'gyfufdyd', '2017-09-27 07:11:06'),
(842, 2, '1', 0, 'hcyfufufuf', '2017-09-27 07:11:08'),
(843, 2, '1', 0, 'cgcgchchfy', '2017-09-27 07:11:10'),
(844, 1, '2', 0, 'ncjxjx', '2017-09-27 07:11:30'),
(845, 2, '1', 0, 'gfyd', '2017-09-27 07:12:08'),
(846, 2, '1', 0, 'chchfy', '2017-09-27 07:12:24'),
(847, 2, '1', 0, 'chchfhfhf', '2017-09-27 07:12:25'),
(848, 2, '1', 0, 'chcufugug', '2017-09-27 07:12:37'),
(849, 2, '1', 0, 'nhchfhfuf', '2017-09-27 07:12:38'),
(850, 2, '1', 0, 'nhchfhfuf', '2017-09-27 07:12:40'),
(851, 2, '1', 0, 'nhchfhfuf', '2017-09-27 07:12:41'),
(852, 2, '1', 0, 'nvjcufufuf', '2017-09-27 07:12:44'),
(853, 2, '1', 0, 'hii', '2017-09-27 07:12:52'),
(854, 2, '1', 0, 'chcufufu', '2017-09-27 07:13:10'),
(855, 1, '2', 0, 'jdjdjd', '2017-09-27 07:17:34'),
(856, 1, '2', 0, 'cmcnc', '2017-09-27 07:17:42'),
(857, 2, '1', 0, 'chfugu', '2017-09-27 07:17:51'),
(858, 2, '1', 0, 'ugigigig', '2017-09-27 07:18:01'),
(859, 1, '2', 0, 'fnjdjfkf', '2017-09-27 07:18:15'),
(860, 1, '2', 0, 'nfmdmdmd', '2017-09-27 07:18:26'),
(861, 2, '1', 0, 'hchfufufuf', '2017-09-27 07:18:49'),
(862, 2, '1', 0, 'nxkdkdkx', '2017-09-27 07:19:03'),
(863, 2, '1', 0, 'xhjxjxjxjx', '2017-09-27 07:19:05'),
(864, 2, '1', 0, 'jdjdjdjdj', '2017-09-27 07:19:08'),
(865, 2, '1', 0, 'xnjxjxjdjxj', '2017-09-27 07:19:12'),
(866, 1, '2', 0, 'i', '2017-09-27 07:19:34'),
(867, 1, '2', 0, 'clnxknx', '2017-09-27 07:19:55'),
(868, 1, '2', 0, 'hii', '2017-09-27 07:20:06'),
(869, 2, '1', 0, ' hcycy', '2017-09-27 07:21:02'),
(870, 1, '2', 0, 'jkfik', '2017-09-27 07:21:22'),
(871, 2, '1', 0, 'dydyfyfyd', '2017-09-27 07:21:25'),
(872, 2, '1', 0, 'xydydyddy', '2017-09-27 07:21:29'),
(873, 2, '1', 0, 'cyfyyyfy', '2017-09-27 07:21:46'),
(874, 2, '1', 0, 'u', '2017-09-27 07:22:03'),
(875, 1, '2', 0, 'jdjdj', '2017-09-27 07:22:17'),
(876, 1, '2', 0, 'ji', '2017-09-27 07:22:37'),
(877, 1, '2', 0, 'jo', '2017-09-27 07:22:52'),
(878, 1, '2', 0, 'bizjz', '2017-09-27 07:26:35'),
(879, 1, '2', 0, 'xmkdmd', '2017-09-27 07:26:41'),
(880, 2, '1', 0, 'jcjdk', '2017-09-27 07:27:11'),
(881, 1, '2', 0, 'bdjdjd', '2017-09-27 07:49:40'),
(882, 1, '2', 0, 'nxjxbxj', '2017-09-27 07:49:42'),
(883, 3, '4', 0, 'He\'ll bro ', '2017-09-28 08:24:48'),
(884, 3, '4', 0, 'Kumar here ', '2017-09-28 08:24:54'),
(885, 2, '1', 0, 'hi', '2017-10-01 10:48:03'),
(886, 2, '1', 0, 'hi', '2017-10-01 10:52:26'),
(887, 2, '1', 0, 'hi', '2017-10-01 10:53:45'),
(888, 1, '2', 0, 'hii', '2017-10-01 11:24:03'),
(889, 2, '1', 0, 'hello', '2017-10-03 04:57:26'),
(890, 1, '2', 0, 'bxjx', '2017-10-03 07:36:24'),
(891, 1, '2', 0, 'hxhjxjx', '2017-10-03 09:04:36'),
(892, 2, '1', 0, ' nn ', '2017-10-03 09:04:48'),
(893, 2, '1', 0, 'djrjrnt', '2017-10-03 09:06:14'),
(894, 2, '1', 0, 'fj4jene', '2017-10-03 09:06:16'),
(895, 2, '1', 0, 'the e', '2017-10-03 09:06:17'),
(896, 2, '1', 0, 'jrj3irehirj', '2017-10-03 09:06:19'),
(897, 2, '1', 0, 'you enr', '2017-10-03 09:06:20'),
(898, 2, '1', 0, 'rjejf', '2017-10-03 09:06:21'),
(899, 2, '1', 0, 'hehf', '2017-10-03 09:06:25'),
(900, 2, '1', 0, 'hehf', '2017-10-03 09:06:28'),
(901, 2, '1', 0, 'hehf', '2017-10-03 09:06:29'),
(902, 2, '1', 0, 'itskyzh', '2017-10-03 09:06:40'),
(903, 2, '1', 0, 'clyditx', '2017-10-03 09:06:41'),
(904, 2, '1', 0, 'kya tissues 0xoysyof', '2017-10-03 09:06:44'),
(905, 2, '1', 0, 'kydi6sxitsoyd', '2017-10-03 09:06:47'),
(906, 2, '1', 0, 'ktztiz', '2017-10-03 09:06:48'),
(907, 2, '1', 3, 'f9ac9a310526319a077d7e5bba368fd0.mp3', '2017-10-03 09:07:46'),
(908, 2, '1', 3, '9fb50353395ec86d579c2be7605aae8c.mp3', '2017-10-03 09:08:22'),
(909, 2, '1', 3, '1bfde638036d2abd339026c5eea9618a.mp3', '2017-10-03 09:08:43'),
(910, 1, '2', 0, 'ðŸ˜šðŸ˜›ðŸ™‚ðŸ˜‹ðŸ˜¬ðŸ¤‘ðŸ™‚', '2017-10-03 09:09:34'),
(911, 1, '2', 0, 'ðŸ˜›ðŸ™‚ðŸ˜›ðŸ™‚ðŸ˜›ðŸ˜›', '2017-10-03 09:09:35'),
(912, 1, '2', 0, 'ðŸ˜’ðŸ˜šðŸ˜›ðŸ™‚ðŸ˜›ðŸ˜š', '2017-10-03 09:09:36'),
(913, 1, '2', 0, 'ðŸ˜›ðŸ™‚ðŸ˜›ðŸ˜’ðŸ˜œðŸ™„ðŸ™ƒ', '2017-10-03 09:09:38'),
(914, 1, '2', 0, 'ðŸ™„ðŸ¤‘ðŸ™ƒðŸ˜›ðŸ™‚ðŸ¤‘', '2017-10-03 09:09:39'),
(915, 1, '2', 1, '0db3dd79b8bf665be35247972cb6dba5.jpg', '2017-10-03 09:57:46'),
(916, 1, '2', 5, '25.602147,85.1602809', '2017-10-03 09:58:00'),
(917, 1, '2', 3, '49cad1978745fc65e1646072ef4a1477.mp3', '2017-10-03 10:08:18'),
(918, 1, '2', 3, '7fbf92b60aab102a62192f8bde2d8622.mp3', '2017-10-03 10:13:29'),
(919, 1, '2', 3, 'c02b77e9b847d372bc4d00edaff215f2.mp3', '2017-10-03 10:13:34'),
(920, 1, '2', 3, '8ac826ec7dc9d075248b584e97c7567c.mp3', '2017-10-03 10:14:46'),
(921, 1, '2', 3, 'fff887ca948b22d3f84abd6f4351b360.mp3', '2017-10-03 10:15:47'),
(922, 1, '2', 3, 'f340ff9a5e5b6156451b5522e4db876a.mp3', '2017-10-03 10:16:35'),
(923, 2, '6', 0, 'hello', '2017-10-04 04:36:27'),
(924, 6, '2', 0, 'cnjxjx', '2017-10-04 04:36:45'),
(925, 2, '6', 0, 'dhfufufu', '2017-10-04 04:36:54'),
(926, 6, '2', 0, 'hcjc', '2017-10-04 04:37:09'),
(927, 2, '6', 0, 'jxxiuz', '2017-10-04 04:37:39'),
(928, 2, '6', 0, 'cbchcbcjch', '2017-10-04 04:38:30'),
(929, 8, '2', 0, 'jdjxj', '2017-10-04 04:49:18'),
(930, 8, '2', 0, 'cbxjjx', '2017-10-04 04:49:29'),
(931, 2, '8', 3, '58b66c1d0ccfe2ed87889bb69f649b75.mp3', '2017-10-04 05:00:26'),
(932, 2, '8', 3, '6facf364b582a7b668e71133a2074a69.mp3', '2017-10-04 05:01:00'),
(933, 2, '8', 0, 'xjxjjx', '2017-10-04 06:05:06'),
(934, 2, '8', 0, 'kcickxkc', '2017-10-04 06:05:09');

--
-- Indexes for dumped tables
--

--
-- Indexes for table `ec_group`
--
ALTER TABLE `ec_group`
  ADD PRIMARY KEY (`group_id`);

--
-- Indexes for table `ec_group_member`
--
ALTER TABLE `ec_group_member`
  ADD PRIMARY KEY (`id`),
  ADD KEY `fk_group_id` (`group_id`) USING BTREE;

--
-- Indexes for table `ec_group_message`
--
ALTER TABLE `ec_group_message`
  ADD PRIMARY KEY (`message_id`),
  ADD KEY `fk_msg_group_id` (`group_id`) USING BTREE;

--
-- Indexes for table `ec_user`
--
ALTER TABLE `ec_user`
  ADD PRIMARY KEY (`user_id`),
  ADD UNIQUE KEY `verification_code` (`verification_code`),
  ADD UNIQUE KEY `qr_code` (`qr_code`);

--
-- Indexes for table `ec_user_contact`
--
ALTER TABLE `ec_user_contact`
  ADD PRIMARY KEY (`contact_id`);

--
-- Indexes for table `ec_user_invitation`
--
ALTER TABLE `ec_user_invitation`
  ADD PRIMARY KEY (`invitation_id`);

--
-- Indexes for table `ec_user_message`
--
ALTER TABLE `ec_user_message`
  ADD PRIMARY KEY (`message_id`),
  ADD KEY `fk_user_id` (`user_id`) USING BTREE;

--
-- AUTO_INCREMENT for dumped tables
--

--
-- AUTO_INCREMENT for table `ec_group`
--
ALTER TABLE `ec_group`
  MODIFY `group_id` int(11) NOT NULL AUTO_INCREMENT, AUTO_INCREMENT=16;
--
-- AUTO_INCREMENT for table `ec_group_member`
--
ALTER TABLE `ec_group_member`
  MODIFY `id` int(11) NOT NULL AUTO_INCREMENT, AUTO_INCREMENT=16;
--
-- AUTO_INCREMENT for table `ec_group_message`
--
ALTER TABLE `ec_group_message`
  MODIFY `message_id` bigint(20) NOT NULL AUTO_INCREMENT, AUTO_INCREMENT=341;
--
-- AUTO_INCREMENT for table `ec_user`
--
ALTER TABLE `ec_user`
  MODIFY `user_id` int(11) NOT NULL AUTO_INCREMENT, AUTO_INCREMENT=9;
--
-- AUTO_INCREMENT for table `ec_user_contact`
--
ALTER TABLE `ec_user_contact`
  MODIFY `contact_id` int(11) NOT NULL AUTO_INCREMENT, AUTO_INCREMENT=9;
--
-- AUTO_INCREMENT for table `ec_user_invitation`
--
ALTER TABLE `ec_user_invitation`
  MODIFY `invitation_id` int(11) NOT NULL AUTO_INCREMENT;
--
-- AUTO_INCREMENT for table `ec_user_message`
--
ALTER TABLE `ec_user_message`
  MODIFY `message_id` bigint(20) NOT NULL AUTO_INCREMENT, AUTO_INCREMENT=935;
--
-- Constraints for dumped tables
--

--
-- Constraints for table `ec_group_member`
--
ALTER TABLE `ec_group_member`
  ADD CONSTRAINT `fk_group_id` FOREIGN KEY (`group_id`) REFERENCES `ec_group` (`group_id`) ON DELETE CASCADE ON UPDATE CASCADE;

--
-- Constraints for table `ec_group_message`
--
ALTER TABLE `ec_group_message`
  ADD CONSTRAINT `fk_msg_group_id` FOREIGN KEY (`group_id`) REFERENCES `ec_group` (`group_id`) ON DELETE CASCADE ON UPDATE CASCADE;
COMMIT;

/*!40101 SET CHARACTER_SET_CLIENT=@OLD_CHARACTER_SET_CLIENT */;
/*!40101 SET CHARACTER_SET_RESULTS=@OLD_CHARACTER_SET_RESULTS */;
/*!40101 SET COLLATION_CONNECTION=@OLD_COLLATION_CONNECTION */;
